A&M-Corpus Christi,26172,"Corpus Christi,  TX"
Abilene Christian,2,"Abilene,  TX"
Academy of Art,30123,"San Francisco,  CA"
Adams St.,929,"Alamosa,  CO"
Adelphi,3,"Garden City,  NY"
Adrian,4,"Adrian,  MI"
Agnes Scott,11324,"Decatur,  GA"
Air Force,721,"USAF Academy,  CO"
Akron,5,"Akron,  OH"
Ala.-Huntsville,10,"Huntsville,  AL"
Alabama,8,"Tuscaloosa,  AL"
Alabama A&M,6,"Normal,  AL"
Alabama St.,7,"Montgomery,  AL"
Alas. Anchorage,11,"Anchorage,  AK"
Alas. Fairbanks,12,"Fairbanks,  AK"
Albany (NY),14,"Albany,  NY"
Albany St. (GA),13,"Albany,  GA"
Albertus Magnus,2798,"New Haven,  CT"
Albion,15,"Albion,  MI"
Albright,16,"Reading,  PA"
Alcorn St.,17,"Alcorn State,  MS"
Alderson-Broaddus,934,"Philippi,  WV"
Alfred,18,"Alfred,  NY"
Allegheny,19,"Meadville,  PA"
Alma,21,"Alma,  MI"
Alvernia,938,"Reading,  PA"
Alverno,28746,"Milwaukee,  WI"
American,23,"Washington,  DC"
American (PR),1466,"Bayamon,  PR"
American Intl,22,"Springfield,  MA"
Amherst,24,"Amherst,  MA"
Anderson (IN),939,"Anderson,  IN"
Anderson (SC),13028,"Anderson,  SC"
Angelo St.,25,"San Angelo,  TX"
Anna Maria,26,"Paxton,  MA"
Appalachian St.,27,"Boone,  NC"
Arcadia,966,"Glenside,  PA"
Arizona,29,"Tucson,  AZ"
Arizona St.,28,"Tempe,  AZ"
Ark.-Fort Smith,30105,"Fort Smith,  AR"
Ark.-Monticello,8411,"Monticello,  AR"
Ark.-Pine Bluff,2678,"Pine Bluff,  AR"
Arkansas,31,"Fayetteville,  AR"
Arkansas St.,30,"State University,  AR"
Arkansas Tech,947,"Russellville,  AR"
Armstrong Atlantic,33,"Savannah,  GA"
Army,725,"West Point,  NY"
Ashland,35,"Ashland,  OH"
Assumption,36,"Worcester,  MA"
Auburn,37,"Auburn,  AL"
Augsburg,38,"Minneapolis,  MN"
Augusta St.,39,"Augusta,  GA"
Augustana (IL),40,"Rock Island,  IL"
Augustana (SD),41,"Sioux Falls,  SD"
Aurora,42,"Aurora,  IL"
Austin,953,"Sherman,  TX"
Austin Peay,43,"Clarksville,  TN"
Averett,44,"Danville,  VA"
Babson,45,"Babson Park,  MA"
Baldwin-Wallace,46,"Berea,  OH"
Ball St.,47,"Muncie,  IN"
Baptist Bible (PA),958,"Clarks Summit,  PA"
Baptist Bible (PA),500367,","
Bard,962,"Annandale-On-Hudson,  NY"
Barry,49,"Miami Shores,  FL"
Barton,15646,"Wilson,  NC"
Baruch,58,"New York,  NY"
Bates,50,"Lewiston,  ME"
Bay Path,26520,"Longmeadow,  MA"
Baylor,51,"Waco,  TX"
Becker,26107,"Leicester,  MA"
Bellarmine,52,"Louisville,  KY"
Belmont,14927,"Nashville,  TN"
Belmont Abbey,2683,"Belmont,  NC"
Beloit,53,"Beloit,  WI"
Bemidji St.,54,"Bemidji,  MN"
Benedict,55,"Columbia,  SC"
Benedictine (IL),296,"Lisle,  IL"
Bennett,14770,"Greensboro,  NC"
Bentley,56,"Waltham,  MA"
Berry,973,"Mount Berry,  GA"
Bethany (WV),59,"Bethany,  WV"
Bethany Lutheran,30038,"Mankato,  MN"
Bethel (MN),60,"St. Paul,  MN"
Bethune-Cookman,61,"Daytona Beach,  FL"
Binghamton,62,"Binghamton,  NY"
Birmingham-So.,28593,"Birmingham,  AL"
Blackburn,64,"Carlinville,  IL"
Bloomfield,984,"Bloomfield,  NJ"
Bloomsburg,65,"Bloomsburg,  PA"
Bluefield St.,985,"Bluefield,  WV"
Bluffton,987,"Bluffton,  OH"
Boise St.,66,"Boise,  ID"
Boston College,67,"Chestnut Hill,  MA"
Boston U.,68,"Boston,  MA"
Bowdoin,69,"Brunswick,  ME"
Bowie St.,70,"Bowie,  MD"
Bowling Green,71,"Bowling Green,  OH"
Bradley,72,"Peoria,  IL"
Brandeis,73,"Waltham,  MA"
Brevard,30094,"Brevard,  NC"
Bridgeport,74,"Bridgeport,  CT"
Bridgewater (VA),75,"Bridgewater,  VA"
Bridgewater St.,76,"Bridgewater,  MA"
Brockport,78,"Brockport,  NY"
Brooklyn,79,"Brooklyn,  NY"
Brown,80,"Providence,  RI"
Bryant,81,"Smithfield,  RI"
Bryn Mawr,82,"Bryn Mawr,  PA"
Bucknell,83,"Lewisburg,  PA"
Buena Vista,84,"Storm Lake,  IA"
Buffalo,86,"Buffalo,  NY"
Buffalo St.,85,"Buffalo,  NY"
Butler,87,"Indianapolis,  IN"
BYU,77,"Provo,  UT"
BYU-Hawaii,2685,"Laie,  HI"
C.W. Post,362,"Brookville,  NY"
Cabrini,88,"Radnor,  PA"
Cal Lutheran,105,"Thousand Oaks,  CA"
Cal Poly,90,"San Luis Obispo,  CA"
Cal Poly Pomona,91,"Pomona,  CA"
Cal St. Bakersfield,94,"Bakersfield,  CA"
Cal St. Chico,95,"Chico,  CA"
Cal St. Dom. Hills,92,"Carson,  CA"
Cal St. East Bay,98,"Hayward,  CA"
Cal St. Fullerton,97,"Fullerton,  CA"
Cal St. L.A.,100,"Los Angeles,  CA"
Cal St. Monterey Bay,30055,"Seaside,  CA"
Cal St. Monterey Bay,506122,","
Cal St. Northridge,101,"Northridge,  CA"
Cal St. San Bdino,93,"San Bernardino,  CA"
Cal St. Stanislaus,103,"Turlock,  CA"
Caldwell,995,"Caldwell,  NJ"
California,107,"Berkeley,  CA"
California (PA),106,"California,  PA"
Caltech,89,"Pasadena,  CA"
Calvin,114,"Grand Rapids,  MI"
Cameron,996,"Lawton,  OK"
Campbell,115,"Buies Creek,  NC"
Canisius,116,"Buffalo,  NY"
Capital,117,"Columbus,  OH"
Carleton,118,"Northfield,  MN"
Carnegie Mellon,119,"Pittsburgh,  PA"
Carroll (WI),120,"Waukesha,  WI"
Carson-Newman,1000,"Jefferson City,  TN"
Carthage,121,"Kenosha,  WI"
Case,122,"Cleveland,  OH"
Castleton,123,"Castleton,  VT"
Catawba,1001,"Salisbury,  NC"
Catholic,124,"Washington,  DC"
Cazenovia,23624,"Cazenovia,  NY"
CCNY,480,"New York,  NY"
Cedar Crest,14795,"Allentown,  PA"
Centenary (LA),125,"Shreveport,  LA"
Centenary (NJ),12884,"Hackettstown,  NJ"
Central (IA),126,"Pella,  IA"
Central Ark.,1004,"Conway,  AR"
Central Conn. St.,127,"New Britain,  CT"
Central Mich.,129,"Mount Pleasant,  MI"
Central Mo.,130,"Warrensburg,  MO"
Central Okla.,1009,"Edmond,  OK"
Central St. (OH),506028,","
Central St. (OH),30049,"Wilberforce,  OH"
Central Wash.,1010,"Ellensburg,  WA"
Centre,132,"Danville,  KY"
Chadron St.,1012,"Chadron,  NE"
Chaminade,133,"Honolulu,  HI"
Chapman,134,"Orange,  CA"
Charleston (WV),1013,"Charleston,  WV"
Charleston So.,48,"Charleston,  SC"
Charlotte,458,"Charlotte,  NC"
Chatham,10972,"Pittsburgh,  PA"
Chattanooga,693,"Chattanooga,  TN"
Chestnut Hill,21323,"Philadelphia,  PA"
Cheyney,135,"Cheyney,  PA"
Chicago,137,"Chicago,  IL"
Chicago St.,136,"Chicago,  IL"
Chowan,8875,"Murfreesboro,  NC"
Chris. Newport,139,"Newport News,  VA"
Christian Bros.,1015,"Memphis,  TN"
Cincinnati,140,"Cincinnati,  OH"
Cincinnati-Clermont,30087,"Batavia,  OH"
Citadel,141,"Charleston,  SC"
City Tech,8580,"Brooklyn,  NY"
Claflin,500990,","
Claflin,30058,"Orangeburg,  SC"
Claremont-M-S,142,"Claremont,  CA"
Clarion,143,"Clarion,  PA"
Clark (MA),145,"Worcester,  MA"
Clark Atlanta,144,"Atlanta,  GA"
Clarke,1020,"Dubuque,  IA"
Clarkson,146,"Potsdam,  NY"
Clayton St.,20576,"Morrow,  GA"
Clemson,147,"Clemson,  SC"
Cleveland St.,148,"Cleveland,  OH"
Coast Guard,722,"New London,  CT"
Coastal Caro.,149,"Conway,  SC"
Cobleskill St.,30083,"Cobleskill,  NY"
Coe,150,"Cedar Rapids,  IA"
Coker,1023,"Hartsville,  SC"
Col. of Charleston,1014,"Charleston,  SC"
Colby,151,"Waterville,  ME"
Colby-Sawyer,152,"New London,  NH"
Colgate,153,"Hamilton,  NY"
Colo. Christian,11403,"Lakewood,  CO"
Colorado,157,"Boulder,  CO"
Colorado Col.,154,"Colorado Springs,  CO"
Colorado Mines,155,"Golden,  CO"
Colorado St.,156,"Fort Collins,  CO"
Colorado St.-Pueblo,2720,"Pueblo,  CO"
Columbia,158,"New York,  NY"
Columbus St.,159,"Columbus,  GA"
Concord,1028,"Athens,  WV"
Concordia (NY),162,"Bronxville,  NY"
Concordia (TX),24400,"Austin,  TX"
Concordia (WI),1036,"Mequon,  WI"
Concordia Chicago,160,"River Forest,  IL"
Concordia-Mhead,161,"Moorhead,  MN"
Concordia-St. Paul,9081,"St. Paul,  MN"
Connecticut,164,"Storrs,  CT"
Connecticut Col.,163,"New London,  CT"
Converse,8935,"Spartanburg,  SC"
Coppin St.,165,"Baltimore,  MD"
Cornell,167,"Ithaca,  NY"
Cornell College,166,"Mt. Vernon,  IA"
Creighton,169,"Omaha,  NE"
Crown (MN),30035,"St. Bonifacius,  MN"
Curry,170,"Milton,  MA"
DYouville,1059,"Buffalo,  NY"
Dallas,1044,"Irving,  TX"
Dallas Baptist,1045,"Dallas,  TX"
Daniel Webster,2691,"Nashua,  NH"
Dartmouth,172,"Hanover,  NH"
Davidson,173,"Davidson,  NC"
Davis & Elkins,174,"Elkins,  WV"
Dayton,175,"Dayton,  OH"
Defiance,1050,"Defiance,  OH"
Delaware,180,"Newark,  DE"
Delaware St.,178,"Dover,  DE"
Delaware Valley,179,"Doylestown,  PA"
Delta St.,181,"Cleveland,  MS"
Denison,182,"Granville,  OH"
Denver,183,"Denver,  CO"
DePaul,176,"Chicago,  IL"
DePauw,177,"Greencastle,  IN"
DeSales,20,"Center Valley,  PA"
Detroit,184,"Detroit,  MI"
Dickinson,185,"Carlisle,  PA"
Dist. Columbia,186,"Washington,  DC"
Dixie St.,30095,"St. George,  UT"
Dominican (CA),30118,"San Rafael,  CA"
Dominican (IL),1332,"River Forest,  IL"
Dominican (NY),8956,"Orangeburg,  NY"
Dowling,2692,"Oakdale,  NY"
Drake,189,"Des Moines,  IA"
Drew,190,"Madison,  NJ"
Drexel,191,"Philadelphia,  PA"
Drury,1057,"Springfield,  MO"
Dubuque,192,"Dubuque,  IA"
Duke,193,"Durham,  NC"
Duquesne,194,"Pittsburgh,  PA"
Earlham,195,"Richmond,  IN"
East Carolina,196,"Greenville,  NC"
East Central,8965,"Ada,  OK"
East Stroudsburg,197,"East Stroudsburg,  PA"
East Tenn. St.,198,"Johnson City,  TN"
East Tex. Baptist,1062,"Marshall,  TX"
East. Mennonite,203,"Harrisonburg,  VA"
Eastern,8968,"St. Davids,  PA"
Eastern Conn. St.,200,"Willimantic,  CT"
Eastern Ill.,201,"Charleston,  IL"
Eastern Ky.,202,"Richmond,  KY"
Eastern Mich.,204,"Ypsilanti,  MI"
Eastern N.M.,206,"Portales,  NM"
Eastern Nazarene,1064,"Quincy,  MA"
Eastern Ore.,1065,"La Grande,  OR"
Eastern Wash.,207,"Cheney,  WA"
Eckerd,208,"St. Petersburg,  FL"
Edgewood,1066,"Madison,  WI"
Edinboro,209,"Edinboro,  PA"
Elizabeth City St.,210,"Elizabeth City,  NC"
Elizabethtown,211,"Elizabethtown,  PA"
Elmhurst,212,"Elmhurst,  IL"
Elmira,213,"Elmira,  NY"
Elms,532,"Chicopee,  MA"
Elon,1068,"Elon,  NC"
Emerson,214,"Boston,  MA"
Emmanuel (MA),215,"Boston,  MA"
Emory,217,"Atlanta,  GA"
Emory & Henry,216,"Emory,  VA"
Emporia St.,1071,"Emporia,  KS"
Endicott,8981,"Beverly,  MA"
Erskine,1072,"Due West,  SC"
Eureka,218,"Eureka,  IL"
Evansville,219,"Evansville,  IN"
Fairfield,220,"Fairfield,  CT"
Fairleigh Dickinson,222,"Teaneck,  NJ"
Fairmont St.,1076,"Fairmont,  WV"
Farmingdale St.,27892,"Farmingdale,  NY"
Fayetteville St.,223,"Fayetteville,  NC"
FDU-Florham,221,"Madison,  NJ"
Felician,23157,"Lodi,  NJ"
Ferris St.,224,"Big Rapids,  MI"
Ferrum,225,"Ferrum,  VA"
Findlay,1079,"Findlay,  OH"
Finlandia,30032,"Hancock,  MI"
Fisk,226,"Nashville,  TN"
Fitchburg St.,227,"Fitchburg,  MA"
FIU,231,"Miami,  FL"
Fla. Atlantic,229,"Boca Raton,  FL"
Fla. Gulf Coast,506221,","
Fla. Gulf Coast,28755,"Fort Myers,  FL"
Fla. Southern,233,"Lakeland,  FL"
Flagler,30092,"St. Augustine,  FL"
Florida,235,"Gainesville,  FL"
Florida A&M,228,"Tallahassee,  FL"
Florida St.,234,"Tallahassee,  FL"
Florida Tech,230,"Melbourne,  FL"
Fontbonne,11538,"Saint Louis,  MO"
Fordham,236,"Bronx,  NY"
Fort Hays St.,9011,"Hays,  KS"
Fort Lewis,1083,"Durango,  CO"
Fort Valley St.,237,"Fort Valley,  GA"
Framingham St.,238,"Framingham,  MA"
Francis Marion,1085,"Florence,  SC"
Franciscan,30069,"Steubenville,  OH"
Frank. & Marsh.,239,"Lancaster,  PA"
Franklin,2694,"Franklin,  IN"
Franklin Pierce,241,"Rindge,  NH"
Fredonia St.,242,"Fredonia,  NY"
Fresno St.,96,"Fresno,  CA"
Frostburg St.,243,"Frostburg,  MD"
Furman,244,"Greenville,  SC"
Ga. Southern,253,"Statesboro,  GA"
Ga. Southwestern,1097,"Americus,  GA"
Gallaudet,245,"Washington,  DC"
Gannon,246,"Erie,  PA"
Gardner-Webb,1092,"Boiling Springs,  NC"
Geneva,30084,"Beaver Falls,  PA"
George Fox,1094,"Newberg,  OR"
George Mason,248,"Fairfax,  VA"
George Washington,249,"Washington,  DC"
Georgetown,251,"Washington,  DC"
Georgia,257,"Athens,  GA"
Georgia College,1096,"Milledgeville,  GA"
Georgia St.,254,"Atlanta,  GA"
Georgia Tech,255,"Atlanta,  GA"
Georgian Court,9004,"Lakewood,  NJ"
Gettysburg,258,"Gettysburg,  PA"
Glenville St.,1098,"Glenville,  WV"
Goldey-Beacom,8366,"Wilmington,  DE"
Gonzaga,260,"Spokane,  WA"
Gordon,1099,"Wenham,  MA"
Goucher,1467,"Baltimore,  MD"
Grambling,261,"Grambling,  LA"
Grand Canyon,1104,"Phoenix,  AZ"
Grand Valley St.,262,"Allendale,  MI"
Green Bay,794,"Green Bay,  WI"
Green Mountain,11062,"Poultney,  VT"
Greensboro,263,"Greensboro,  NC"
Greenville,1111,"Greenville,  IL"
Grinnell,264,"Grinnell,  IA"
Grove City,265,"Grove City,  PA"
Guilford,1112,"Greensboro,  NC"
Gust. Adolphus,266,"Saint Peter,  MN"
Gwynedd-Mercy,12399,"Gwynedd Valley,  PA"
Hamilton,267,"Clinton,  NY"
Hamline,268,"St. Paul,  MN"
Hampden-Sydney,269,"Hampden-Sydney,  VA"
Hampton,270,"Hampton,  VA"
Hanover,1115,"Hanover,  IN"
Hardin-Simmons,271,"Abilene,  TX"
Harding,1116,"Searcy,  AR"
Hartford,272,"West Hartford,  CT"
Hartwick,273,"Oneonta,  NY"
Harvard,275,"Boston,  MA"
Haverford,276,"Haverford,  PA"
Hawaii,277,"Honolulu,  HI"
Hawaii Hilo,2697,"Hilo,  HI"
Hawaii Pacific,2696,"Honolulu,  HI"
Heidelberg,278,"Tiffin,  OH"
Henderson St.,1123,"Arkadelphia,  AR"
Hendrix,1124,"Conway,  AR"
High Point,19651,"High Point,  NC"
Hilbert,8398,"Hamburg,  NY"
Hillsdale,280,"Hillsdale,  MI"
Hiram,281,"Hiram,  OH"
Hobart,282,"Geneva,  NY"
Hofstra,283,"Hempstead,  NY"
Hollins,284,"Roanoke,  VA"
Holy Cross,285,"Worcester,  MA"
Holy Family,1126,"Philadelphia,  PA"
Hood,8404,"Frederick,  MD"
Hope,286,"Holland,  MI"
Houston,288,"Houston,  TX"
Houston Baptist,287,"Houston,  TX"
Howard,290,"Washington,  DC"
Howard Payne,2741,"Brownwood,  TX"
Humboldt St.,291,"Arcata,  CA"
Hunter,292,"New York,  NY"
Huntingdon,1130,"Montgomery,  AL"
Husson,1133,"Bangor,  ME"
Idaho,295,"Moscow,  ID"
Idaho St.,294,"Pocatello,  ID"
Ill. Wesleyan,300,"Bloomington,  IL"
Ill.-Chicago,302,"Chicago,  IL"
Ill.-Springfield,30050,"Springfield,  IL"
Ill.-Springfield,506079,","
Illinois,301,"Champaign,  IL"
Illinois Col.,297,"Jacksonville,  IL"
Illinois St.,299,"Normal,  IL"
Immaculata,303,"Immaculata,  PA"
Incarnate Word,2743,"San Antonio,  TX"
Indiana,306,"Bloomington,  IN"
Indiana (PA),307,"Indiana,  PA"
Indiana St.,305,"Terre Haute,  IN"
Indianapolis,309,"Indianapolis,  IN"
Iona,310,"New Rochelle,  NY"
Iowa,312,"Iowa City,  IA"
Iowa St.,311,"Ames,  IA"
IPFW,308,"Fort Wayne,  IN"
Ithaca,313,"Ithaca,  NY"
IUPUI,2699,"Indianapolis,  IN"
Jackson St.,314,"Jackson,  MS"
Jacksonville,316,"Jacksonville,  FL"
Jacksonville St.,315,"Jacksonville,  AL"
James Madison,317,"Harrisonburg,  VA"
John Carroll,320,"University Heights,  OH"
John Jay,321,"New York,  NY"
Johns Hopkins,322,"Baltimore,  MD"
Johnson & Wales (RI),22626,"Providence,  RI"
Johnson C. Smith,323,"Charlotte,  NC"
Johnson St.,324,"Johnson,  VT"
Juniata,325,"Huntingdon,  PA"
Kalamazoo,326,"Kalamazoo,  MI"
Kansas,328,"Lawrence,  KS"
Kansas St.,327,"Manhattan,  KS"
Kean,329,"Union,  NJ"
Keene St.,330,"Keene,  NH"
Kennesaw St.,1157,"Kennesaw,  GA"
Kent St.,331,"Kent,  OH"
Kentucky,334,"Lexington,  KY"
Kentucky St.,332,"Frankfort,  KY"
Kenyon,335,"Gambier,  OH"
Keuka,1159,"Keuka Park,  NY"
Keystone,30047,"La Plume,  PA"
King (TN),30051,"Bristol,  TN"
Kings (PA),336,"Wilkes-Barre,  PA"
Knox,337,"Galesburg,  IL"
Kutztown,339,"Kutztown,  PA"
Ky. Wesleyan,333,"Owensboro,  KY"
La Roche,1163,"Pittsburgh,  PA"
La Salle,340,"Philadelphia,  PA"
La Sierra,30043,"Riverside,  CA"
La Verne,341,"La Verne,  CA"
La.-Lafayette,671,"Lafayette,  LA"
La.-Monroe,498,"Monroe,  LA"
Lafayette,342,"Easton,  PA"
LaGrange,1162,"La Grange,  GA"
Lake Erie,2746,"Painesville,  OH"
Lake Forest,344,"Lake Forest,  IL"
Lake Superior St.,345,"Sault Ste. Marie,  MI"
Lakeland,1164,"Sheboygan,  WI"
Lamar,346,"Beaumont,  TX"
Lancaster Bible,30085,"Lancaster,  PA"
Lander,1167,"Greenwood,  SC"
Lane,347,"Jackson,  TN"
Lasell,8486,"Newton,  MA"
Lawrence,348,"Appleton,  WI"
Le Moyne,349,"Syracuse,  NY"
Lebanon Valley,351,"Annville,  PA"
Lees-McRae,13302,"Banner Elk,  NC"
Lehigh,352,"Bethlehem,  PA"
Lehman,279,"Bronx,  NY"
LeMoyne-Owen,350,"Memphis,  TN"
Lenoir-Rhyne,1170,"Hickory,  NC"
Lesley ,24317,"Cambridge,  MA"
LeTourneau,8490,"Longview,  TX"
Lewis,354,"Romeoville,  IL"
Lewis & Clark,22235,"Portland,  OR"
Liberty,355,"Lynchburg,  VA"
Limestone,1174,"Gaffney,  SC"
Lincoln (MO),356,"Jefferson City,  MO"
Lincoln (PA),357,"Lincoln University,  PA"
Lincoln Christian,30066,"Lincoln,  IL"
Lincoln Memorial,1176,"Harrogate,  TN"
Linfield,1179,"Mc Minnville,  OR"
Lipscomb,28600,"Nashville,  TN"
Livingstone,359,"Salisbury,  NC"
Lock Haven,360,"Lock Haven,  PA"
Long Beach St.,99,"Long Beach,  CA"
Long Island,361,"Brooklyn,  NY"
Longwood,363,"Farmville,  VA"
Loras,364,"Dubuque,  IA"
Louisiana Col.,1182,"Pineville,  LA"
Louisiana Tech,366,"Ruston,  LA"
Louisville,367,"Louisville,  KY"
Loyola (IL),371,"Chicago,  IL"
Loyola Maryland,369,"Baltimore,  MD"
Loyola Marymount,370,"Los Angeles,  CA"
LSU,365,"Baton Rouge,  LA"
Luther,372,"Decorah,  IA"
Lycoming,373,"Williamsport,  PA"
Lynchburg,374,"Lynchburg,  VA"
Lyndon St.,30065,"Lyndonville,  VT"
Lynn,20794,"Boca Raton,  FL"
Macalester,376,"St. Paul,  MN"
MacMurray,377,"Jacksonville,  IL"
Maine,380,"Orono,  ME"
Maine Maritime,378,"Castine,  ME"
Manchester,1192,"North Manchester,  IN"
Manhattan,381,"Riverdale,  NY"
Manhattanville,382,"Purchase,  NY"
Mansfield,384,"Mansfield,  PA"
Maranatha Baptist,1194,"Watertown,  WI"
Marian (WI),1196,"Fond Du Lac,  WI"
Marietta,385,"Marietta,  OH"
Marist,386,"Poughkeepsie,  NY"
Marquette,387,"Milwaukee,  WI"
Mars Hill,1199,"Mars Hill,  NC"
Marshall,388,"Huntington,  WV"
Martin Luther,8597,"New Ulm,  MN"
Mary,30075,"Bismarck,  ND"
Mary Baldwin,389,"Staunton,  VA"
Mary Hardin-Baylor,1203,"Belton,  TX"
Mary Washington,390,"Fredericksburg,  VA"
Maryland,392,"College Park,  MD"
Marymount (VA),394,"Arlington,  VA"
Maryville (MO),395,"St. Louis,  MO"
Maryville (TN),396,"Maryville,  TN"
Marywood,397,"Scranton,  PA"
Mass. Liberal Arts,486,"North Adams,  MA"
Mass. Maritime,399,"Buzzards Bay,  MA"
Mass.-Boston,401,"Boston,  MA"
Mass.-Dartmouth,656,"North Dartmouth,  MA"
Mass.-Lowell,368,"Lowell,  MA"
Massachusetts,400,"Amherst,  MA"
McDaniel,773,"Westminster,  MD"
McMurry,8530,"Abilene,  TX"
McNeese St.,402,"Lake Charles,  LA"
Md.-East. Shore,393,"Princess Anne,  MD"
Me.-Farmington,379,"Farmington,  ME"
Me.-Presque Isle,30040,"Presque Isle,  ME"
Medaille,23725,"Buffalo,  NY"
Medgar Evers,403,"Brooklyn,  NY"
Memphis,404,"Memphis,  TN"
Menlo,405,"Atherton,  CA"
Mercer,406,"Macon,  GA"
Merchant Marine,724,"Kings Point,  NY"
Mercy,407,"Dobbs Ferry,  NY"
Mercyhurst,408,"Erie,  PA"
Meredith,409,"Raleigh,  NC"
Merrimack,410,"North Andover,  MA"
Mesa St.,11416,"Grand Junction,  CO"
Messiah,411,"Mechanicsburg,  PA"
Methodist,412,"Fayetteville,  NC"
Metro St.,413,"Denver,  CO"
Miami (FL),415,"Coral Gables,  FL"
Miami (OH),414,"Oxford,  OH"
Michigan,418,"Ann Arbor,  MI"
Michigan St.,416,"East Lansing,  MI"
Michigan Tech,417,"Houghton,  MI"
Middle Tenn.,419,"Murfreesboro,  TN"
Middlebury,420,"Middlebury,  VT"
Midwestern St.,1222,"Wichita Falls,  TX"
Miles,422,"Fairfield,  AL"
Millersville,423,"Millersville,  PA"
Millikin,424,"Decatur,  IL"
Mills,425,"Oakland,  CA"
Millsaps,426,"Jackson,  MS"
Milwaukee,797,"Milwaukee,  WI"
Milwaukee Engr.,20220,"Milwaukee,  WI"
Minn. Duluth,427,"Duluth,  MN"
Minn. St. Mankato,383,"Mankato,  MN"
Minn. St. Moorhead,1240,"Moorhead,  MN"
Minn.-Crookston,27854,"Crookston,  MN"
Minn.-Morris,1226,"Morris,  MN"
Minnesota,428,"Minneapolis,  MN"
Misericordia,16142,"Dallas,  PA"
Mississippi,433,"University,  MS"
Mississippi Col.,429,"Clinton,  MS"
Mississippi St.,430,"Mississippi State,  MS"
Mississippi Val.,432,"Itta Bena,  MS"
Missouri,434,"Columbia,  MO"
Missouri S&T,435,"Rolla,  MO"
Missouri St.,669,"Springfield,  MO"
MIT,398,"Cambridge,  MA"
Mitchell,30042,"New London,  CT"
Mo. Southern St.,9012,"Joplin,  MO"
Mo. Western St.,9013,"St. Joseph,  MO"
Mo.-St. Louis,436,"St. Louis,  MO"
Molloy,437,"Rockville Centre,  NY"
Monmouth,439,"West Long Branch,  NJ"
Monmouth (IL),438,"Monmouth,  IL"
Mont. St. Billings,205,"Billings,  MT"
Montana,441,"Missoula,  MT"
Montana St.,440,"Bozeman,  MT"
Montclair St.,442,"Montclair,  NJ"
Montevallo,1238,"Montevallo,  AL"
Moravian,443,"Bethlehem,  PA"
Morehead St.,444,"Morehead,  KY"
Morehouse,445,"Atlanta,  GA"
Morgan St.,446,"Baltimore,  MD"
Morningside,447,"Sioux City,  IA"
Morris Brown,448,"Atlanta,  GA"
Morrisville St.,30067,"Morrisville,  NY"
Mount Holyoke,449,"South Hadley,  MA"
Mount Ida,27901,"Newton,  MA"
Mount Olive,1245,"Mount Olive,  NC"
Mount Union,452,"Alliance,  OH"
Mt. Aloysius,30036,"Cresson,  PA"
Mt. Aloysius,506043,","
Mt. Mary,30033,"Milwaukee,  WI"
Mt. St. Joseph,8567,"Cincinnati,  OH"
Mt. St. Mary (NY),1468,"Newburgh,  NY"
Mt. St. Marys,450,"Emmitsburg,  MD"
Mt. St. Vincent,451,"Bronx,  NY"
Muhlenberg,453,"Allentown,  PA"
Murray St.,454,"Murray,  KY"
Muskingum,455,"New Concord,  OH"
N.C. A&T,488,"Greensboro,  NC"
N.C. Central,489,"Durham,  NC"
N.C. Wesleyan,491,"Rocky Mount,  NC"
N.M. Highlands,8577,"Las Vegas,  NM"
Navy,726,"Annapolis,  MD"
Nazareth,461,"Rochester,  NY"
Neb. Wesleyan,462,"Lincoln,  NE"
Neb.-Kearney,1156,"Kearney,  NE"
Neb.-Omaha,464,"Omaha,  NE"
Nebraska,463,"Lincoln,  NE"
Neumann,1254,"Aston,  PA"
Nevada,466,"Reno,  NV"
New England Col.,467,"Henniker,  NH"
New Hampshire,469,"Durham,  NH"
New Haven,470,"West Haven,  CT"
New Jersey City,319,"Jersey City,  NJ"
New Mexico,473,"Albuquerque,  NM"
New Mexico St.,472,"Las Cruces,  NM"
New Orleans,474,"New Orleans,  LA"
New Paltz St.,475,"New Paltz,  NY"
New Rochelle,476,"New Rochelle,  NY"
New York U.,479,"New York,  NY"
Newberry,1257,"Newberry,  SC"
Newbury,21772,"Brookline,  MA"
Newman,30054,"Wichita,  KS"
Niagara,482,"Niagara University,  NY"
Nicholls St.,483,"Thibodaux,  LA"
Nichols,484,"Dudley,  MA"
NJIT,471,"Newark,  NJ"
Norfolk St.,485,"Norfolk,  VA"
North Ala.,487,"Florence,  AL"
North Carolina,457,"Chapel Hill,  NC"
North Carolina St.,490,"Raleigh,  NC"
North Central (IL),492,"Naperville,  IL"
North Central (MN),30039,"Minneapolis,  MN"
North Dakota,494,"Grand Forks,  ND"
North Dakota St.,493,"Fargo,  ND"
North Florida,2711,"Jacksonville,  FL"
North Ga.,503660,","
North Ga.,30052,"Dahlonega,  GA"
North Greenville,9223,"Tigerville,  SC"
North Park,496,"Chicago,  IL"
North Texas,497,"Denton,  TX"
Northeastern,500,"Boston,  MA"
Northeastern Ill.,1263,","
Northeastern St.,12810,"Tahlequah,  OK"
Northern Ariz.,501,"Flagstaff,  AZ"
Northern Colo.,502,"Greeley,  CO"
Northern Ill.,503,"De Kalb,  IL"
Northern Ky.,505,"Highland Heights,  KY"
Northern Mich.,506,"Marquette,  MI"
Northern St.,1266,"Aberdeen,  SD"
Northland,1267,"Ashland,  WI"
Northwest Mo. St.,507,"Maryville,  MO"
Northwest Nazarene,1274,"Nampa,  ID"
Northwestern,509,"Evanston,  IL"
Northwestern (MN),30031,"St. Paul,  MN"
Northwestern St.,508,"Natchitoches,  LA"
Northwood (MI),510,"Midland,  MI"
Norwich,511,"Northfield,  VT"
Notre Dame,513,"Notre Dame,  IN"
Notre Dame (MD),8600,"Baltimore,  MD"
Notre Dame de Namur,30056,"Belmont,  CA"
Nova Southeastern,24639,"Fort Lauderdale,  FL"
Nyack,1277,"Nyack,  NY"
NYIT,477,"Old Westbury,  NY"
Oakland,514,"Rochester,  MI"
Oakland City,1278,"Oakland City,  IN"
Oberlin,515,"Oberlin,  OH"
Occidental,516,"Los Angeles,  CA"
Oglethorpe,2713,"Atlanta,  GA"
Ohio,519,"Athens,  OH"
Ohio Northern,517,"Ada,  OH"
Ohio St.,518,"Columbus,  OH"
Ohio Valley,15207,"Vienna,  WV"
Ohio Wesleyan,520,"Delaware,  OH"
Okla. Panhandle,24342,"Goodwell,  OK"
Oklahoma,522,"Norman,  OK"
Oklahoma St.,521,"Stillwater,  OK"
Old Dominion,523,"Norfolk,  VA"
Old Westbury,524,"Old Westbury,  NY"
Olivet,525,"Olivet,  MI"
Oneonta St.,526,"Oneonta,  NY"
Oral Roberts,527,"Tulsa,  OK"
Oregon,529,"Eugene,  OR"
Oregon St.,528,"Corvallis,  OR"
Oswego St.,530,"Oswego,  NY"
Otterbein,531,"Westerville,  OH"
Ouachita Baptist,1289,"Arkadelphia,  AR"
Ozarks (AR),23008,"Clarksville,  AR"
P.R.-Bayamon,2682,"Bayamon,  PR"
P.R.-Cayey,1321,"Cayey,  PR"
P.R.-Humacao,27859,"Humacao          ,  PR"
P.R.-Mayaguez,24361,"Mayaguez,  PR"
P.R.-Rio Piedras,2716,"San Juan,  PR"
Pace,533,"Pleasantville,  NY"
Pacific,534,"Stockton,  CA"
Pacific (OR),2751,"Forest Grove,  OR"
Pacific Lutheran,1297,"Tacoma,  WA"
Paine,535,"Augusta,  GA"
Palm Beach Atl.,30045,"West Palm Beach,  FL"
Palm Beach Atl.,504035,","
Peace,17094,"Raleigh,  NC"
Penn,540,"Philadelphia,  PA"
Penn St.,539,"University Park,  PA"
Penn St.-Abington,30114,"Abington,  PA"
Penn St.-Altoona,25719,"Altoona,  PA"
Penn St.-Behrend,538,"Erie,  PA"
Penn St.-Berks,30044,"Reading,  PA"
Penn St.-Harrisburg,30081,"Middletown,  PA"
Pepperdine,541,"Malibu,  CA"
Pfeiffer,542,"Misenheimer,  NC"
Phila. Biblical,1305,"Langhorne,  PA"
Philadelphia U.,543,"Philadelphia,  PA"
Piedmont,21830,"Demorest,  GA"
Pine Manor,544,"Chestnut Hill,  MA"
Pitt.-Bradford,1315,"Bradford,  PA"
Pitt.-Greensburg,11839,"Greensburg,  PA"
Pitt.-Johnstown,546,"Johnstown,  PA"
Pittsburg St.,1314,"Pittsburg,  KS"
Pittsburgh,545,"Pittsburgh,  PA"
Plattsburgh St.,547,"Plattsburgh,  NY"
Plymouth St.,548,"Plymouth,  NH"
Polytechnic (NY),481,"Brooklyn,  NY"
Pomona-Pitzer,549,"Claremont,  CA"
Portland,551,"Portland,  OR"
Portland St.,550,"Portland,  OR"
Post,1318,"Waterbury,  CT"
Prairie View,553,"Prairie View,  TX"
Presbyterian,1320,"Clinton,  SC"
Presentation,30034,"Aberdeen,  SD"
Princeton,554,"Princeton,  NJ"
Principia,555,"Elsah,  IL"
Providence,556,"Providence,  RI"
Puget Sound,557,"Tacoma,  WA"
Purchase St.,30029,"Purchase,  NY"
Purdue,559,"West Lafayette,  IN"
Queens (NC),11504,"Charlotte,  NC"
Queens (NY),560,"Flushing,  NY"
Quincy,561,"Quincy,  IL"
Quinnipiac,562,"Hamden,  CT"
Radford,563,"Radford,  VA"
Ramapo,564,"Mahwah,  NJ"
Randolph,566,"Lynchburg,  VA"
Randolph-Macon,565,"Ashland,  VA"
Redlands,567,"Redlands,  CA"
Regis (CO),568,"Denver,  CO"
Regis (MA),569,"Weston,  MA"
Reneau,431,"Columbus,  MS"
Rensselaer,570,"Troy,  NY"
Rhode Island,572,"Kingston,  RI"
Rhode Island Col.,571,"Providence,  RI"
Rhodes,573,"Memphis,  TN"
Rice,574,"Houston,  TX"
Richard Stockton,681,"Galloway,  NJ"
Richmond,575,"Richmond,  VA"
Rider,576,"Lawrenceville,  NJ"
Ripon,577,"Ripon,  WI"
Rivier,18422,"Nashua,  NH"
Roanoke,578,"Salem,  VA"
Robert Morris,579,"Moon Township,  PA"
Rochester (NY),581,"Rochester,  NY"
Rochester Inst.,580,"Rochester,  NY"
Rockford,582,"Rockford,  IL"
Rockhurst,1328,"Kansas City,  MO"
Roger Williams,583,"Bristol,  RI"
Rollins,584,"Winter Park,  FL"
Rose-Hulman,585,"Terre Haute,  IN"
Rosemont,15882,"Rosemont,  PA"
Rowan,259,"Glassboro,  NJ"
Rust,586,"Holly Springs,  MS"
Rutgers,587,"New Brunswick,  NJ"
Rutgers-Camden,588,"Camden,  NJ"
Rutgers-Newark,589,"Newark,  NJ"
S.C. Aiken,11276,"Aiken,  SC"
S.C. Upstate,10411,"Spartanburg,  SC"
Sacramento St.,102,"Sacramento,  CA"
Sacred Heart,590,"Fairfield,  CT"
Sage Colleges,11036,"Troy,  NY"
Saginaw Valley,591,"University Center,  MI"
Salem,30041,"Winston-Salem,  NC"
Salem Intl,19117,"Salem,  WV"
Salem St.,621,"Salem,  MA"
Salisbury,622,"Salisbury,  MD"
Salve Regina,623,"Newport,  RI"
Sam Houston St.,624,"Huntsville,  TX"
Samford,625,"Birmingham,  AL"
San Diego,627,"San Diego,  CA"
San Diego St.,626,"San Diego,  CA"
San Fran. St.,628,"San Francisco,  CA"
San Francisco,629,"San Francisco,  CA"
San Jose St.,630,"San Jose,  CA"
Santa Clara,631,"Santa Clara,  CA"
Savannah St.,632,"Savannah,  GA"
SCAD,16006,"Savannah,  GA"
Schreiner,1355,"Kerrville,  TX"
Scranton,633,"Scranton,  PA"
Seattle,1356,"Seattle,  WA"
Seattle Pacific,634,"Seattle,  WA"
Seton Hall,635,"South Orange,  NJ"
Seton Hill,504752,","
Seton Hill,30063,"Greensburg,  PA"
Sewanee,652,"Sewanee,  TN"
Shaw,636,"Raleigh,  NC"
Shenandoah,637,"Winchester,  VA"
Shepherd,10870,"Shepherdstown,  WV"
Shippensburg,638,"Shippensburg,  PA"
Siena,639,"Loudonville,  NY"
Simmons,640,"Boston,  MA"
Simpson,641,"Indianola,  IA"
SIU Edwardsville,660,"Edwardsville,  IL"
Skidmore,642,"Saratoga Springs,  NY"
Slippery Rock,643,"Slippery Rock,  PA"
Smith,644,"Northampton,  MA"
SMU,663,"Dallas,  TX"
Sonoma St.,645,"Rohnert Park,  CA"
South Ala.,646,"Mobile,  AL"
South Carolina,648,"Columbia,  SC"
South Carolina St.,647,"Orangeburg,  SC"
South Dakota,650,"Vermillion,  SD"
South Dakota St.,649,"Brookings,  SD"
South Fla.,651,"Tampa,  FL"
Southampton,2753,"Southampton,  NY"
Southeast Mo. St.,654,"Cape Girardeau,  MO"
Southeastern La.,655,"Hammond,  LA"
Southeastern Okla.,1371,"Durant,  OK"
Southern Ark.,1376,"Magnolia,  AR"
Southern California,657,"Los Angeles,  CA"
Southern Conn. St.,658,"New Haven,  CT"
Southern Ill.,659,"Carbondale,  IL"
Southern Ind.,661,"Evansville,  IN"
Southern Me.,662,"Gorham,  ME"
Southern Miss.,664,"Hattiesburg,  MS"
Southern N.H.,468,"Manchester,  NH"
Southern U.,665,"Baton Rouge,  LA"
Southern Utah,667,"Cedar City,  UT"
Southern Vt.,1379,"Bennington,  VT"
Southwest Baptist,2755,"Bolivar,  MO"
Southwest Minn. St.,8736,"Marshall,  MN"
Southwestern (TX),8746,"Georgetown,  TX"
Southwestern Okla.,8744,"Weatherford,  OK"
Spalding,505038,","
Spalding,23260,"Louisville,  KY"
Spelman,26973,"Atlanta,  GA"
Springfield,673,"Springfield,  MA"
St. Andrews,592,"Laurinburg,  NC"
St. Anselm,593,"Manchester,  NH"
St. Augustines,594,"Raleigh,  NC"
St. Benedict,595,"St. Joseph,  MN"
St. Bonaventure,596,"St. Bonaventure,  NY"
St. Catherine,597,"St. Paul,  MN"
St. Cloud St.,598,"St. Cloud,  MN"
St. Edwards,1334,"Austin,  TX"
St. Elizabeth,9684,"Morristown,  NJ"
St. Francis (IL),1335,","
St. Francis (NY),599,"Brooklyn Heights,  NY"
St. Francis (PA),600,"Loretto,  PA"
St. John Fisher,601,"Rochester,  NY"
St. Johns (MN),602,"Collegeville,  MN"
St. Johns (NY),603,"Queens,  NY"
St. Joseph (CT),8687,"West Hartford,  CT"
St. Josephs,606,"Philadelphia,  PA"
St. Josephs (Brkln),30072,"Brooklyn,  NY"
St. Josephs (IN),604,"Rensselaer,  IN"
St. Josephs (L.I.),1340,"Patchogue,  NY"
St. Josephs (ME),605,"Standish,  ME"
St. Lawrence,607,"Canton,  NY"
St. Leo,608,"Saint Leo,  FL"
St. Louis,609,"St. Louis,  MO"
St. Martins,1343,"Lacey,  WA"
St. Marys (CA),610,"Moraga,  CA"
St. Marys (IN),8688,"Notre Dame,  IN"
St. Marys (MD),611,"St. Mary's City,  MD"
St. Marys (MN),612,"Winona,  MN"
St. Marys (TX),1346,"San Antonio,  TX"
St. Michaels,613,"Colchester,  VT"
St. Norbert,614,"De Pere,  WI"
St. Olaf,615,"Northfield,  MN"
St. Pauls,616,"Lawrenceville,  VA"
St. Peters,617,"Jersey City,  NJ"
St. Rose,1347,"Albany,  NY"
St. Scholastica,618,"Duluth,  MN"
St. Thomas (MN),620,"St. Paul,  MN"
St. Thomas Aquinas,1348,"Sparkill,  NY"
St. Vincent,30064,"Latrobe,  PA"
Stanford,674,"Stanford,  CA"
Staten Island,675,"Staten Island,  NY"
Stephen F. Austin,676,"Nacogdoches,  TX"
Stephens,2756,"Columbia,  MO"
Stetson,678,"DeLand,  FL"
Stevens Institute,679,"Hoboken,  NJ"
Stevenson,21852,"Stevenson,  MD"
Stillman,680,"Tuscaloosa,  AL"
Stonehill,682,"Easton,  MA"
Stony Brook,683,"Stony Brook,  NY"
Suffolk,684,"Boston,  MA"
Sul Ross St.,1390,"Alpine,  TX"
SUNY Cortland,168,"Cortland,  NY"
SUNY Geneseo,247,"Geneseo,  NY"
SUNY Maritime,478,"Throggs Neck,  NY"
SUNY Potsdam,552,"Potsdam,  NY"
SUNYIT,9500,"Utica,  NY"
Susquehanna,685,"Selinsgrove,  PA"
Swarthmore,686,"Swarthmore,  PA"
Sweet Briar,687,"Sweet Briar,  VA"
Syracuse,688,"Syracuse,  NY"
Tampa,689,"Tampa,  FL"
Tarleton St.,1395,"Stephenville,  TX"
TCNJ,712,"Ewing,  NJ"
TCU,698,"Fort Worth,  TX"
Temple,690,"Philadelphia,  PA"
Tennessee,694,"Knoxville,  TN"
Tennessee St.,691,"Nashville,  TN"
Tennessee Tech,692,"Cookeville,  TN"
Tex. A&M Intl,30090,"Laredo,  TX"
Tex. A&M-Commerce,199,"Commerce,  TX"
Tex. A&M-Kingsville,696,"Kingsville,  TX"
Tex. Permian Basin,30088,"Odessa,  TX"
Tex.-Pan American,536,"Edinburg,  TX"
Texas,703,"Austin,  TX"
Texas A&M,697,"College Station,  TX"
Texas Lutheran,1400,"Seguin,  TX"
Texas Southern,699,"Houston,  TX"
Texas St.,670,"San Marcos,  TX"
Texas Tech,700,"Lubbock,  TX"
Texas Wesleyan,1401,"Fort Worth,  TX"
Texas Womans,701,"Denton,  TX"
Texas-Arlington,702,"Arlington,  TX"
Texas-Dallas,23121,"Richardson,  TX"
Texas-Tyler,506226,","
Texas-Tyler,30028,"Tyler,  TX"
Thiel,707,"Greenville,  PA"
Thomas (ME),2758,"Waterville,  ME"
Thomas More,1402,"Crestview Hills,  KY"
Tiffin,1403,"Tiffin,  OH"
Toledo,709,"Toledo,  OH"
Towson,711,"Towson,  MD"
Transylvania,28749,"Lexington,  KY"
Trine,505355,","
Trine,30037,"Angola,  IN"
Trinity (CT),713,"Hartford,  CT"
Trinity (DC),23413,"Washington,  DC"
Trinity (TX),715,"San Antonio,  TX"
Troy,716,"Troy,  AL"
Truman,499,"Kirksville,  MO"
Tufts,717,"Medford,  MA"
Tulane,718,"New Orleans,  LA"
Tulsa,719,"Tulsa,  OK"
Tusculum,12830,"Greeneville,  TN"
Tuskegee,720,"Tuskegee,  AL"
U New England,1255,"Biddeford,  ME"
UAB,9,"Birmingham,  AL"
UALR,32,"Little Rock,  AR"
UC Davis,108,"Davis,  CA"
UC Irvine,109,"Irvine,  CA"
UC Riverside,111,"Riverside,  CA"
UC San Diego,112,"La Jolla,  CA"
UC Santa Barbara,104,"Santa Barbara,  CA"
UC Santa Cruz,113,"Santa Cruz,  CA"
UC-Colo. Springs,9754,"Colorado Springs,  CO"
UCF,128,"Orlando,  FL"
UCLA,110,"Los Angeles,  CA"
UMBC,391,"Baltimore,  MD"
UMKC,2707,"Kansas City,  MO"
UNC Asheville,456,"Asheville,  NC"
UNC Greensboro,459,"Greensboro,  NC"
UNC Pembroke,537,"Pembroke,  NC"
UNC Wilmington,460,"Wilmington,  NC"
UNI,504,"Cedar Falls,  IA"
Union (NY),727,"Schenectady,  NY"
UNLV,465,"Las Vegas,  NV"
Upper Iowa,728,"Fayette,  IA"
Ursinus,730,"Collegeville,  PA"
USP,28594,"Philadelphia,  PA"
UT Martin,695,"Martin,  TN"
Utah,732,"Salt Lake City,  UT"
Utah St.,731,"Logan,  UT"
Utah Valley,30024,"Orem,  UT"
UTEP,704,"El Paso,  TX"
Utica,733,"Utica,  NY"
UTSA,706,"San Antonio,  TX"
Va. Wesleyan,745,"Norfolk,  VA"
Valdosta St.,734,"Valdosta,  GA"
Valparaiso,735,"Valparaiso,  IN"
Vanderbilt,736,"Nashville,  TN"
Vassar,737,"Poughkeepsie,  NY"
VCU,740,"Richmond,  VA"
Vermont,738,"Burlington,  VT"
Villanova,739,"Villanova,  PA"
Virginia,746,"Charlottesville,  VA"
Virginia St.,743,"Petersburg,  VA"
Virginia Tech,742,"Blacksburg,  VA"
Virginia Union,744,"Richmond,  VA"
VMI,741,"Lexington,  VA"
Wabash,747,"Crawfordsville,  IN"
Wagner,748,"Staten Island,  NY"
Wake Forest,749,"Winston-Salem,  NC"
Wartburg,750,"Waverly,  IA"
Wash. & Jeff.,751,"Washington,  PA"
Wash. & Lee,752,"Lexington,  VA"
Washburn,2814,"Topeka,  KS"
Washington,756,"Seattle,  WA"
Washington Adventist,1029,"Takoma Park,  MD"
Washington Col.,753,"Chestertown,  MD"
Washington St.,754,"Pullman,  WA"
Washington-St. Louis,755,"St. Louis,  MO"
Wayne St. (MI),757,"Detroit,  MI"
Wayne St. (NE),1433,"Wayne,  NE"
Waynesburg,1434,"Waynesburg,  PA"
Weber St.,758,"Ogden,  UT"
Webster,759,"St. Louis,  MO"
Wellesley,760,"Wellesley,  MA"
Wells,761,"Aurora,  NY"
Wentworth Inst.,762,"Boston,  MA"
Wesley,763,"Dover,  DE"
Wesleyan (CT),764,"Middletown,  CT"
Wesleyan (GA),14718,"Macon,  GA"
West Ala.,358,"Livingston,  AL"
West Chester,765,"West Chester,  PA"
West Fla.,11740,"Pensacola,  FL"
West Ga.,766,"Carrollton,  GA"
West Liberty,1438,"West Liberty,  WV"
West Tex. A&M,767,"Canyon,  TX"
West Va. Tech,14901,"Montgomery,  WV"
West Va. Wesleyan,9630,"Buckhannon,  WV"
West Virginia,768,"Morgantown,  WV"
West Virginia St.,1439,"Institute,  WV"
Western Caro.,769,"Cullowhee,  NC"
Western Conn. St.,770,"Danbury,  CT"
Western Ill.,771,"Macomb,  IL"
Western Ky.,772,"Bowling Green,  KY"
Western Mich.,774,"Kalamazoo,  MI"
Western N.M.,1445,"Silver City,  NM"
Western New Eng.,775,"Springfield,  MA"
Western Ore.,1446,"Monmouth,  OR"
Western St.,2759,"Gunnison,  CO"
Western Wash.,1448,"Bellingham,  WA"
Westfield St.,777,"Westfield,  MA"
Westminster (MO),1450,"Fulton,  MO"
Westminster (PA),1451,"New Wilmington,  PA"
Wheaton (IL),778,"Wheaton,  IL"
Wheaton (MA),779,"Norton,  MA"
Wheeling Jesuit,12799,"Wheeling,  WV"
Wheelock,8896,"Boston,  MA"
Whitman,780,"Walla Walla,  WA"
Whittier,781,"Whittier,  CA"
Whitworth,1454,"Spokane,  WA"
Wichita St.,782,"Wichita,  KS"
Widener,783,"Chester,  PA"
Wilkes,784,"Wilkes-Barre,  PA"
Willamette,785,"Salem,  OR"
William & Mary,786,"Williamsburg,  VA"
William Penn,788,"Oskaloosa,  IA"
William Smith,30073,"Geneva,  NY"
Williams,789,"Williamstown,  MA"
Wilmington (DE),1460,"New Castle,  DE"
Wilmington (OH),1461,"Wilmington,  OH"
Wilson,12973,"Chambersburg,  PA"
Wingate,1462,"Wingate,  NC"
Winona St.,790,"Winona,  MN"
Winston-Salem,791,"Winston-Salem,  NC"
Winthrop,792,"Rock Hill,  SC"
Wis. Lutheran,8911,"Milwaukee,  WI"
Wis.-Eau Claire,793,"Eau Claire,  WI"
Wis.-La Crosse,795,"La Crosse,  WI"
Wis.-Oshkosh,798,"Oshkosh,  WI"
Wis.-Parkside,799,"Kenosha,  WI"
Wis.-Platteville,800,"Platteville,  WI"
Wis.-River Falls,801,"River Falls,  WI"
Wis.-Stevens Point,802,"Stevens Point,  WI"
Wis.-Stout,803,"Menomonie,  WI"
Wis.-Superior,804,"Superior,  WI"
Wis.-Whitewater,805,"Whitewater,  WI"
Wisconsin,796,"Madison,  WI"
Wittenberg,806,"Springfield,  OH"
Wm. Paterson,787,"Wayne,  NJ"
Wofford,2915,"Spartanburg,  SC"
Wooster,807,"Wooster,  OH"
Worcester St.,809,"Worcester,  MA"
WPI,808,"Worcester,  MA"
Wright St.,810,"Dayton,  OH"
Wyoming,811,"Laramie,  WY"
Xavier,812,"Cincinnati,  OH"
Yale,813,"New Haven,  CT"
Yeshiva,814,"New York,  NY"
York (NY),2730,"Jamaica,  NY"
York (PA),815,"York,  PA"
Youngstown St.,817,"Youngstown,  OH"
