rk,team,league,str,ofs,dfs,sos
1,Barcelona,Spanish Primera División,4.702,2.620,0.557,1.464
2,Arsenal,English Premier League,4.027,2.391,0.594,1.392
3,Real Madrid,Spanish Primera División,4.023,2.471,0.614,1.467
4,Bayern Munich,German Bundesliga,3.935,2.226,0.566,1.406
5,Paris Saint-Germain,French Ligue 1,3.926,2.155,0.549,1.323
6,Chelsea,English Premier League,3.880,2.173,0.560,1.370
7,Tottenham Hotspur,English Premier League,3.715,1.994,0.537,1.407
8,Atletico Madrid,Spanish Primera División,3.636,1.835,0.505,1.472
9,AS Monaco,French Ligue 1,3.628,2.332,0.643,1.319
10,Liverpool,English Premier League,3.491,2.055,0.589,1.365
11,Manchester City,English Premier League,3.482,2.149,0.617,1.435
12,Manchester United,English Premier League,3.229,1.850,0.573,1.379
13,Juventus,Italian Serie A,3.013,1.811,0.601,1.312
14,RB Leipzig,German Bundesliga,2.951,1.881,0.637,1.368
15,Palmeiras,Futebol Brasileiro,2.905,1.719,0.592,1.338
16,Santos FC,Futebol Brasileiro,2.894,1.742,0.602,1.353
17,Lanús,Primera División de Argentina,2.873,1.600,0.557,1.335
18,Sevilla FC,Spanish Primera División,2.870,1.928,0.672,1.487
19,Borussia Dortmund,German Bundesliga,2.862,1.903,0.665,1.405
20,Boca Juniors,Primera División de Argentina,2.860,1.711,0.598,1.317
21,Estudiantes La Plata,Primera División de Argentina,2.804,1.593,0.568,1.319
22,AS Roma,Italian Serie A,2.675,1.786,0.668,1.257
23,Villarreal,Spanish Primera División,2.631,1.496,0.569,1.429
24,Real Sociedad,Spanish Primera División,2.612,1.784,0.683,1.465
25,TSG Hoffenheim,German Bundesliga,2.600,1.718,0.661,1.381
26,FC Cologne,German Bundesliga,2.580,1.621,0.628,1.377
27,Everton,English Premier League,2.577,1.586,0.615,1.411
28,Napoli,Italian Serie A,2.571,1.880,0.731,1.302
29,Celta Vigo,Spanish Primera División,2.516,1.762,0.700,1.415
30,Schalke 04,German Bundesliga,2.505,1.598,0.638,1.331
31,Alavés,Spanish Primera División,2.503,1.410,0.563,1.419
32,Pachuca,Mexican Liga MX,2.493,1.698,0.681,1.278
33,Espanyol,Spanish Primera División,2.469,1.587,0.643,1.442
34,Atlético Nacional,Fútbol Profesional Colombiano,2.461,1.600,0.650,1.190
35,FC Porto,Portuguese Liga,2.442,1.527,0.625,1.190
36,Atlético MG,Futebol Brasileiro,2.425,1.730,0.714,1.334
37,Eibar,Spanish Primera División,2.423,1.693,0.699,1.456
38,Eintracht Frankfurt,German Bundesliga,2.415,1.467,0.608,1.371
39,Zenit St Petersburg,Russian Premier League,2.412,1.739,0.721,1.193
40,Flamengo,Futebol Brasileiro,2.379,1.539,0.647,1.315
41,Las Palmas,Spanish Primera División,2.377,1.743,0.733,1.457
42,Athletic Bilbao,Spanish Primera División,2.370,1.538,0.649,1.434
43,Bayer Leverkusen,German Bundesliga,2.348,1.675,0.713,1.426
44,Corinthians,Futebol Brasileiro,2.336,1.509,0.646,1.336
45,Rosario Central,Primera División de Argentina,2.333,1.558,0.668,1.323
46,River Plate,Primera División de Argentina,2.324,1.727,0.743,1.307
47,Independiente,Primera División de Argentina,2.324,1.259,0.542,1.331
48,Lyon,French Ligue 1,2.298,1.629,0.709,1.313
49,U.A.N.L,Mexican Liga MX,2.287,1.453,0.635,1.281
50,Middlesbrough,English Premier League,2.283,1.396,0.611,1.357
51,Talleres de Córdoba,Primera División de Argentina,2.275,1.259,0.553,1.247
52,Lazio,Italian Serie A,2.269,1.587,0.700,1.286
53,Southampton,English Premier League,2.259,1.319,0.584,1.426
54,West Bromwich Albion,English Premier League,2.243,1.554,0.693,1.392
55,Monterrey,Mexican Liga MX,2.237,1.782,0.797,1.297
56,Hertha Berlin,German Bundesliga,2.237,1.542,0.689,1.356
57,Deportivo La Coruña,Spanish Primera División,2.228,1.592,0.715,1.459
58,San Lorenzo,Primera División de Argentina,2.221,1.635,0.736,1.306
59,Atlético Paranaense,Futebol Brasileiro,2.213,1.268,0.573,1.361
60,Atalanta,Italian Serie A,2.208,1.565,0.709,1.288
61,Benfica,Portuguese Liga,2.202,1.630,0.740,1.189
62,Racing Club,Primera División de Argentina,2.194,1.675,0.763,1.331
63,Nice,French Ligue 1,2.194,1.504,0.686,1.290
64,Defensa y Justicia,Primera División de Argentina,2.192,1.402,0.640,1.327
65,Torino,Italian Serie A,2.184,1.679,0.769,1.272
66,São Paulo,Futebol Brasileiro,2.161,1.351,0.625,1.318
67,Valencia,Spanish Primera División,2.151,1.760,0.818,1.456
68,Newcastle United,English League Championship,2.116,1.592,0.752,1.071
69,Urawa Red Diamonds,Japanese J League,2.112,1.457,0.690,1.145
70,Atlético Tucumán,Primera División de Argentina,2.112,1.484,0.703,1.321
71,Spartak Moscow,Russian Premier League,2.108,1.433,0.680,1.231
72,Hapoel Be'er,Israeli Premier League,2.096,1.495,0.713,1.081
73,Cruzeiro,Futebol Brasileiro,2.093,1.534,0.733,1.367
74,Botafogo,Futebol Brasileiro,2.087,1.349,0.647,1.338
75,Málaga,Spanish Primera División,2.067,1.625,0.786,1.444
76,Tigre,Primera División de Argentina,2.056,1.416,0.689,1.320
77,Burnley,English Premier League,2.051,1.383,0.675,1.360
78,AC Milan,Italian Serie A,2.038,1.516,0.744,1.334
79,Newell's Old Boys,Primera División de Argentina,2.031,1.362,0.671,1.338
80,Necaxa,Mexican Liga MX,2.028,1.475,0.727,1.284
81,Fluminense FC,Futebol Brasileiro,2.026,1.390,0.686,1.359
82,Gremio,Futebol Brasileiro,2.023,1.352,0.668,1.366
83,Feyenoord Rotterdam,Dutch Eredivisie,2.020,1.596,0.790,1.062
84,Marseille,French Ligue 1,2.018,1.424,0.706,1.281
85,America,Mexican Liga MX,2.017,1.594,0.790,1.297
86,Krasnodar,Russian Premier League,2.015,1.421,0.705,1.224
87,Chapecoense AF,Futebol Brasileiro,2.006,1.392,0.694,1.355
88,Gimnasia La Plata,Primera División de Argentina,2.000,1.272,0.636,1.336
89,Besiktas,Turkish Super Lig,1.993,1.539,0.772,1.138
90,EC Vitória,Futebol Brasileiro,1.984,1.530,0.771,1.365
91,Fiorentina,Italian Serie A,1.984,1.540,0.776,1.297
92,Godoy Cruz de Mendoza,Primera División de Argentina,1.975,1.436,0.727,1.324
93,Coritiba FBC,Futebol Brasileiro,1.975,1.350,0.684,1.364
94,Stoke City,English Premier League,1.954,1.476,0.756,1.402
95,Independiente Santa Fe,Fútbol Profesional Colombiano,1.951,1.258,0.645,1.190
96,Guadalajara,Mexican Liga MX,1.948,1.294,0.664,1.272
97,Real Betis,Spanish Primera División,1.946,1.394,0.716,1.460
98,Internazionale,Italian Serie A,1.944,1.569,0.807,1.321
99,Rostov,Russian Premier League,1.937,1.331,0.687,1.288
100,León,Mexican Liga MX,1.933,1.645,0.851,1.286
101,Guingamp,French Ligue 1,1.928,1.422,0.738,1.284
102,CSKA Moscow,Russian Premier League,1.927,1.282,0.665,1.295
103,AA Ponte Preta,Futebol Brasileiro,1.925,1.476,0.767,1.357
104,Internacional,Futebol Brasileiro,1.916,1.248,0.651,1.361
105,Lokomotiv Moscow,Russian Premier League,1.913,1.290,0.674,1.235
106,Borussia Monchengladbach,German Bundesliga,1.904,1.440,0.756,1.380
107,Banfield,Primera División de Argentina,1.889,1.326,0.702,1.338
108,Leicester City,English Premier League,1.887,1.493,0.791,1.442
109,Swansea City,English Premier League,1.883,1.647,0.875,1.393
110,St Etienne,French Ligue 1,1.881,1.169,0.621,1.279
111,Unión de Santa Fe,Primera División de Argentina,1.880,1.361,0.724,1.327
112,Kawasaki Frontale,Japanese J League,1.878,1.582,0.842,1.131
113,FC Copenhagen,Danish SAS-Ligaen,1.874,1.313,0.701,0.932
114,Sport,Futebol Brasileiro,1.873,1.447,0.773,1.359
115,Olympiakos,Greek Super League,1.865,1.294,0.694,1.043
116,Crystal Palace,English Premier League,1.863,1.474,0.791,1.379
117,Ajax Amsterdam,Dutch Eredivisie,1.862,1.528,0.820,1.078
118,Mainz,German Bundesliga,1.861,1.553,0.835,1.379
119,FC Augsburg,German Bundesliga,1.860,1.284,0.690,1.402
120,AFC Bournemouth,English Premier League,1.860,1.520,0.817,1.395
121,Independiente Medellín,Fútbol Profesional Colombiano,1.858,1.407,0.757,1.176
122,Chacarita Juniors,Nacional B de Argentina,1.853,1.245,0.672,1.124
123,Braga,Portuguese Liga,1.848,1.396,0.756,1.143
124,Brighton & Hove Albion,English League Championship,1.844,1.364,0.739,1.077
125,Tijuana,Mexican Liga MX,1.841,1.384,0.752,1.271
126,Istanbul Buyuksehir BSK,Turkish Super Lig,1.835,1.425,0.777,1.086
127,Toulouse,French Ligue 1,1.833,1.271,0.694,1.284
128,Guangzhou Evergrande,Chinese Super League,1.829,1.362,0.745,1.034
129,Kashima Antlers,Japanese J League,1.825,1.369,0.750,1.141
130,SC Freiburg,German Bundesliga,1.818,1.500,0.825,1.369
131,Fenerbahce,Turkish Super Lig,1.809,1.412,0.781,1.158
132,Huracán,Primera División de Argentina,1.803,1.213,0.673,1.301
133,Cruz Azul,Mexican Liga MX,1.801,1.478,0.820,1.277
134,Pumas UNAM,Mexican Liga MX,1.798,1.499,0.834,1.245
135,Olimpia,Primera División de Paraguay,1.792,1.612,0.900,1.096
136,FK Rubin Kazan,Russian Premier League,1.769,1.316,0.744,1.237
137,FK Amkar Perm,Russian Premier League,1.768,1.168,0.661,1.237
138,Watford,English Premier League,1.766,1.350,0.765,1.361
139,Guillermo Brown,Nacional B de Argentina,1.762,1.412,0.801,1.125
140,Toluca,Mexican Liga MX,1.762,1.349,0.766,1.276
141,PSV Eindhoven,Dutch Eredivisie,1.761,1.319,0.749,1.117
142,Nacional,Primera División de Uruguay,1.754,1.310,0.747,1.206
143,VfL Wolfsburg,German Bundesliga,1.744,1.319,0.756,1.390
144,Millonarios,Fútbol Profesional Colombiano,1.736,1.315,0.758,1.182
145,Sporting Gijón,Spanish Primera División,1.732,1.396,0.806,1.467
146,Patronato,Primera División de Argentina,1.724,1.253,0.727,1.319
147,Bologna,Italian Serie A,1.715,1.269,0.740,1.275
148,Anderlecht,Belgian Jupiler League,1.711,1.535,0.897,1.096
149,Sporting CP,Portuguese Liga,1.707,1.388,0.813,1.206
150,Dijon FCO,French Ligue 1,1.706,1.375,0.806,1.290
151,Hull City,English Premier League,1.705,1.386,0.813,1.368
152,Leganes,Spanish Primera División,1.698,1.277,0.752,1.469
153,Fulham,English League Championship,1.697,1.454,0.857,1.104
154,Sampdoria,Italian Serie A,1.694,1.299,0.767,1.297
155,Arsenal de Sarandí,Primera División de Argentina,1.688,1.276,0.756,1.318
156,Udinese,Italian Serie A,1.687,1.335,0.791,1.283
157,San Martín de San Juan,Primera División de Argentina,1.678,1.371,0.817,1.333
158,Belgrano de Córdoba,Primera División de Argentina,1.677,1.209,0.721,1.332
159,Guimaraes,Portuguese Liga,1.675,1.336,0.797,1.147
160,Goianiense,Brasileirao B,1.672,1.303,0.779,1.090
161,Vélez Sarsfield,Primera División de Argentina,1.671,1.234,0.739,1.313
162,AS Nancy Lorraine,French Ligue 1,1.669,1.139,0.682,1.299
163,FC Ingolstadt 04,German Bundesliga,1.661,1.266,0.762,1.380
164,Bordeaux,French Ligue 1,1.658,1.312,0.791,1.301
165,Angers,French Ligue 1,1.657,1.222,0.738,1.289
166,Chievo Verona,Italian Serie A,1.646,1.223,0.743,1.278
167,FC Basel,Swiss Super League,1.645,1.475,0.897,1.030
168,West Ham United,English Premier League,1.642,1.415,0.862,1.402
169,Levante,Spanish Segunda Division,1.641,1.195,0.728,1.097
170,Lille,French Ligue 1,1.641,1.198,0.730,1.304
171,Bahia,Brasileirao B,1.637,1.245,0.760,1.092
172,Genoa,Italian Serie A,1.630,1.390,0.853,1.288
173,Yokohama F. Marinos,Japanese J League,1.627,1.346,0.828,1.130
174,Deportivo Morón,Primera Division B de Argentina,1.622,1.164,0.717,1.118
175,Colón de Santa Fe,Primera División de Argentina,1.620,1.320,0.815,1.322
176,Sunderland,English Premier League,1.618,1.251,0.773,1.426
177,Terek Grozny,Russian Premier League,1.616,1.294,0.801,1.241
178,Girona,Spanish Segunda Division,1.601,1.273,0.795,1.097
179,FC Ufa,Russian Premier League,1.598,1.070,0.670,1.241
180,Atlanta,Primera Division B de Argentina,1.598,1.354,0.848,1.101
181,CR Vasco da Gama,Brasileirao B,1.592,1.285,0.808,1.169
182,Osasuna,Spanish Primera División,1.591,1.333,0.838,1.452
183,Olimpo de Bahía Blanca,Primera División de Argentina,1.590,1.122,0.705,1.318
184,Sydney FC,Australian A-League,1.586,1.267,0.799,1.001
185,Celtic,Scottish Premiership,1.586,1.384,0.872,0.960
186,Universidad Católica,Primera División de Chile,1.581,1.525,0.964,1.059
187,Vissel Kobe,Japanese J League,1.579,1.401,0.887,1.131
188,Galatasaray,Turkish Super Lig,1.578,1.427,0.905,1.107
189,Santa Cruz FC,Futebol Brasileiro,1.578,1.418,0.898,1.360
190,Atlético Junior,Fútbol Profesional Colombiano,1.571,1.227,0.781,1.189
191,Sarmiento de Junín,Primera División de Argentina,1.571,1.106,0.704,1.323
192,Sanfrecce Hiroshima,Japanese J League,1.570,1.337,0.851,1.070
193,Morelia,Mexican Liga MX,1.570,1.508,0.960,1.288
194,Krylia Sovetov,Russian Premier League,1.569,1.203,0.767,1.242
195,Sassuolo,Italian Serie A,1.567,1.403,0.895,1.259
196,Santos,Mexican Liga MX,1.567,1.301,0.830,1.280
197,Werder Bremen,German Bundesliga,1.563,1.455,0.931,1.400
198,Figueirense FC,Futebol Brasileiro,1.557,1.191,0.765,1.350
199,Norwich City,English League Championship,1.556,1.482,0.953,1.100
200,Querétaro,Mexican Liga MX,1.532,1.240,0.809,1.275
201,Montpellier,French Ligue 1,1.528,1.427,0.934,1.287
202,Deportivo Cali,Fútbol Profesional Colombiano,1.524,1.352,0.887,1.193
203,Cerro Porteño,Primera División de Paraguay,1.524,1.376,0.903,1.143
204,Deportes Tolima,Fútbol Profesional Colombiano,1.523,1.206,0.792,1.172
205,Aldosivi,Primera División de Argentina,1.522,1.185,0.779,1.331
206,Boca Unidos,Nacional B de Argentina,1.521,1.200,0.789,1.128
207,Granada,Spanish Primera División,1.517,1.286,0.848,1.463
208,Palestino,Primera División de Chile,1.512,1.225,0.810,1.116
209,Once Caldas,Fútbol Profesional Colombiano,1.509,1.225,0.811,1.169
210,Puebla,Mexican Liga MX,1.506,1.324,0.879,1.281
211,Libertad,Primera División de Paraguay,1.502,1.220,0.812,1.097
212,Cagliari,Italian Serie A,1.497,1.497,1.001,1.287
213,Wanderers,Primera División de Uruguay,1.494,1.112,0.744,1.101
214,Toronto FC,Major League Soccer,1.491,1.280,0.859,1.062
215,Kashiwa Reysol,Japanese J League,1.486,1.333,0.897,1.133
216,Emelec,Primera A de Ecuador,1.482,1.352,0.913,1.083
217,Boston River,Primera División de Uruguay,1.482,1.173,0.791,1.098
218,Gamba Osaka,Japanese J League,1.479,1.270,0.859,1.134
219,Villa Dálmine,Nacional B de Argentina,1.479,1.246,0.842,1.131
220,Hamburg SV,German Bundesliga,1.475,1.295,0.878,1.402
221,Real Valladolid,Spanish Segunda Division,1.472,1.164,0.791,1.120
222,Atletico Rafaela,Primera División de Argentina,1.471,1.218,0.828,1.337
223,PAOK Salonika,Greek Super League,1.470,1.120,0.762,1.070
224,Anzhi Makhachkala,Russian Premier League,1.470,1.104,0.751,1.244
225,Patriotas F.C.,Fútbol Profesional Colombiano,1.469,1.157,0.787,1.142
226,Stade Rennes,French Ligue 1,1.469,1.182,0.805,1.317
227,Gimnasia y Esgrima de Jujuy,Nacional B de Argentina,1.468,1.029,0.701,1.130
228,Shanghai SIPG,Chinese Super League,1.465,1.271,0.867,1.022
229,Derby County,English League Championship,1.464,1.052,0.718,1.104
230,KAA Gent,Belgian Jupiler League,1.464,1.180,0.806,1.075
231,Vitoria Setubal,Portuguese Liga,1.456,1.114,0.765,1.152
232,LA Galaxy,Major League Soccer,1.452,1.288,0.887,1.069
233,Club Brugge,Belgian Jupiler League,1.449,1.238,0.854,1.089
234,Envigado,Fútbol Profesional Colombiano,1.446,1.120,0.775,1.174
235,FC Tokyo,Japanese J League,1.445,1.149,0.796,1.114
236,Guaraní,Primera División de Paraguay,1.445,1.229,0.850,1.094
237,Bastia,French Ligue 1,1.443,1.124,0.778,1.313
238,Quilmes,Primera División de Argentina,1.440,1.295,0.899,1.325
239,Caen,French Ligue 1,1.440,1.325,0.920,1.299
240,Leeds United,English League Championship,1.438,1.164,0.810,1.089
241,Defensor Sporting,Primera División de Uruguay,1.435,1.244,0.867,1.099
242,Maritimo,Portuguese Liga,1.434,1.050,0.732,1.152
243,Nueva Chicago,Nacional B de Argentina,1.433,1.286,0.898,1.129
244,Omiya Ardija,Japanese J League,1.432,1.146,0.800,1.134
245,Standard Liege,Belgian Jupiler League,1.432,1.275,0.891,1.079
246,Cádiz,Spanish Segunda Division,1.430,1.172,0.820,1.100
247,GD Chaves,Portuguese Liga,1.427,1.124,0.788,1.152
248,Temperley,Primera División de Argentina,1.422,1.070,0.753,1.327
249,Colo Colo,Primera División de Chile,1.420,1.237,0.871,1.091
250,Bucaramanga,Fútbol Profesional Colombiano,1.417,1.119,0.790,1.167
251,Lens,French Ligue 2,1.416,1.197,0.845,1.084
252,Atlas,Mexican Liga MX,1.416,1.249,0.882,1.284
253,Osmanlispor,Turkish Super Lig,1.414,1.178,0.833,1.111
254,Avaí,Brasileirao B,1.413,1.132,0.801,1.089
255,Defensores de Belgrano,Primera Division B de Argentina,1.412,0.908,0.643,1.122
256,Heerenveen,Dutch Eredivisie,1.408,1.340,0.952,1.028
257,Huddersfield Town,English League Championship,1.406,1.136,0.808,1.092
258,FC Salzburg,Austrian Bundesliga,1.403,1.207,0.860,0.997
259,Liverpool,Primera División de Uruguay,1.397,1.126,0.806,1.100
260,Nantes,French Ligue 1,1.393,1.057,0.759,1.290
261,Unión Española,Primera División de Chile,1.388,1.340,0.965,1.072
262,Hannover 96,German 2. Bundesliga,1.388,1.346,0.970,1.006
263,Cortuluá,Fútbol Profesional Colombiano,1.388,1.273,0.917,1.183
264,Rionegro FC,Fútbol Profesional Colombiano,1.384,1.236,0.893,1.187
265,Maccabi Tel-Aviv,Israeli Premier League,1.373,1.191,0.867,1.013
266,Colegiales,Primera Division B de Argentina,1.367,1.129,0.826,1.108
267,New York Red Bulls,Major League Soccer,1.367,1.249,0.913,1.033
268,Lorient,French Ligue 1,1.363,1.333,0.979,1.302
269,Almagro,Nacional B de Argentina,1.362,1.018,0.747,1.131
270,SC Amiens,French Ligue 2,1.361,1.150,0.846,1.070
271,Argentinos Juniors,Nacional B de Argentina,1.358,1.089,0.802,1.179
272,Huesca,Spanish Segunda Division,1.350,1.147,0.849,1.115
273,Bolívar,Liga Profesional Boliviana,1.349,1.292,0.958,1.028
274,Sol de América,Primera División de Paraguay,1.347,1.292,0.959,1.096
275,FC Dallas,Major League Soccer,1.345,1.235,0.918,1.045
276,Rio Ave,Portuguese Liga,1.344,1.217,0.906,1.154
277,El Nacional,Primera A de Ecuador,1.344,1.332,0.991,1.090
278,SV Darmstadt 98,German Bundesliga,1.344,1.204,0.896,1.403
279,Zulte-Waregem,Belgian Jupiler League,1.341,1.180,0.880,1.043
280,Boavista,Portuguese Liga,1.340,1.149,0.858,1.174
281,Náutico,Brasileirao B,1.330,1.222,0.919,1.097
282,Delhi Dynamos FC,Indian Super League,1.330,1.304,0.980,1.033
283,Veracruz,Mexican Liga MX,1.330,1.380,1.038,1.276
284,Gazovik Orenburg,Russian Premier League,1.329,1.053,0.792,1.248
285,Danubio F.C.,Primera División de Uruguay,1.327,1.270,0.957,1.102
286,Crotone,Italian Serie A,1.326,1.190,0.898,1.292
287,Tenerife,Spanish Segunda Division,1.326,1.067,0.805,1.104
288,Ferro Carril Oeste,Nacional B de Argentina,1.325,1.183,0.893,1.149
289,AZ Alkmaar,Dutch Eredivisie,1.325,1.291,0.974,1.052
290,Sochaux,French Ligue 2,1.325,1.027,0.775,1.095
291,Excursionistas,Primera Division B de Argentina,1.325,1.027,0.776,1.054
292,Metz,French Ligue 1,1.325,1.149,0.867,1.302
293,Jiangsu Shuntian,Chinese Super League,1.320,1.213,0.920,1.015
294,Reading,English League Championship,1.319,1.249,0.947,1.100
295,Sagan Tosu,Japanese J League,1.318,1.068,0.810,1.139
296,Sheffield Wednesday,English League Championship,1.313,1.092,0.832,1.102
297,Empoli,Italian Serie A,1.308,1.020,0.780,1.276
298,Panionios,Greek Super League,1.307,1.073,0.820,1.021
299,Alianza Petrolera,Fútbol Profesional Colombiano,1.307,1.153,0.882,1.170
300,Deportes Iquique,Primera División de Chile,1.306,1.324,1.014,1.073
301,O'Higgins,Primera División de Chile,1.305,1.149,0.880,1.086
302,All Boys,Nacional B de Argentina,1.300,1.206,0.928,1.132
303,KV Oostende,Belgian Jupiler League,1.300,1.253,0.964,1.044
304,Seattle Sounders FC,Major League Soccer,1.296,1.153,0.890,1.084
305,Barnsley,English League Championship,1.295,1.298,1.002,1.067
306,Preston North End,English League Championship,1.294,1.206,0.932,1.097
307,Almirante Brown,Primera Division B de Argentina,1.293,1.017,0.787,1.110
308,Crucero del Norte,Nacional B de Argentina,1.284,1.067,0.831,1.131
309,Getafe,Spanish Segunda Division,1.284,1.027,0.800,1.103
310,San Telmo,Primera Division B de Argentina,1.281,1.128,0.880,1.119
311,Vitesse Arnhem,Dutch Eredivisie,1.280,1.221,0.954,1.053
312,Lugo,Spanish Segunda Division,1.279,1.220,0.954,1.103
313,Vila Nova-GO,Brasileirao B,1.276,1.242,0.973,1.099
314,Nimes,French Ligue 2,1.275,1.177,0.923,1.078
315,CRB,Brasileirao B,1.274,1.285,1.008,1.106
316,FC Utrecht,Dutch Eredivisie,1.274,1.194,0.937,1.047
317,Brown de Adrogué,Nacional B de Argentina,1.274,1.142,0.897,1.134
318,Instituto de Córdoba,Nacional B de Argentina,1.274,1.173,0.920,1.137
319,América Mineiro,Futebol Brasileiro,1.271,1.025,0.807,1.352
320,Cerro,Primera División de Uruguay,1.271,1.098,0.864,1.103
321,Ceará,Brasileirao B,1.271,1.148,0.903,1.095
322,Mumbai City FC,Indian Super League,1.268,1.042,0.822,1.041
323,Belenenses,Portuguese Liga,1.268,0.971,0.766,1.156
324,Strasbourg,French Ligue 2,1.267,1.151,0.909,1.070
325,Barracas Central,Primera Division B de Argentina,1.266,0.966,0.763,1.111
326,Melbourne Victory,Australian A-League,1.265,1.204,0.952,1.010
327,GFC Ajaccio,French Ligue 2,1.265,1.020,0.806,1.073
328,Wolverhampton Wanderers,English League Championship,1.265,1.155,0.913,1.099
329,AEK Athens,Greek Super League,1.261,1.050,0.833,1.038
330,Maccabi Petach-Tikva,Israeli Premier League,1.261,1.098,0.871,1.016
331,Le Havre AC,French Ligue 2,1.256,1.064,0.848,1.079
332,Numancia,Spanish Segunda Division,1.255,1.131,0.901,1.104
333,Reus Deportiu,Spanish Segunda Division,1.255,0.951,0.758,1.103
334,Shanghai Greenland,Chinese Super League,1.253,1.144,0.913,1.001
335,Brentford,English League Championship,1.253,1.145,0.913,1.081
336,Antalyaspor,Turkish Super Lig,1.250,1.099,0.880,1.099
337,Los Andes,Nacional B de Argentina,1.250,1.017,0.814,1.140
338,Ural Sverdlovsk Oblast,Russian Premier League,1.250,1.062,0.849,1.250
339,Brest,French Ligue 2,1.249,1.065,0.853,1.074
340,Colorado Rapids,Major League Soccer,1.249,1.000,0.800,1.079
341,Ctral. Córdoba SE,Nacional B de Argentina,1.249,1.082,0.867,1.133
342,Santamarina,Nacional B de Argentina,1.246,1.018,0.817,1.139
343,San Martin de Tucuman,Nacional B de Argentina,1.246,1.104,0.887,1.127
344,Sevilla Atletico,Spanish Segunda Division,1.245,1.116,0.897,1.103
345,Stade de Reims,French Ligue 2,1.244,1.053,0.846,1.073
346,Elche,Spanish Segunda Division,1.243,1.211,0.974,1.100
347,Panathinaikos,Greek Super League,1.241,0.988,0.796,1.062
348,Brøndby,Danish SAS-Ligaen,1.240,1.168,0.942,0.952
349,Fénix,Primera División de Uruguay,1.234,1.135,0.920,1.115
350,Luverdense,Brasileirao B,1.234,1.048,0.849,1.100
351,Douglas Haig,Nacional B de Argentina,1.233,0.990,0.803,1.140
352,Valenciennes,French Ligue 2,1.231,1.141,0.927,1.073
353,Racing (U),Primera División de Uruguay,1.229,1.310,1.066,1.104
354,Delfin,Primera A de Ecuador,1.229,1.165,0.948,1.097
355,Club Deportivo Cuenca,Primera A de Ecuador,1.228,1.144,0.932,1.097
356,Bourg-Peronnas,French Ligue 2,1.228,1.125,0.917,1.072
357,Palermo,Italian Serie A,1.228,1.095,0.892,1.279
358,Deportivo Pasto,Fútbol Profesional Colombiano,1.227,1.049,0.855,1.175
359,Young Boys,Swiss Super League,1.226,1.347,1.099,1.010
360,AD Alcorcon,Spanish Segunda Division,1.225,0.912,0.744,1.129
361,Goiás EC,Brasileirao B,1.225,1.207,0.986,1.100
362,Aston Villa,English League Championship,1.225,1.032,0.842,1.106
363,U. Católica,Primera A de Ecuador,1.222,1.025,0.839,1.112
364,Rayo Vallecano,Spanish Segunda Division,1.220,1.061,0.870,1.100
365,The Strongest,Liga Profesional Boliviana,1.219,1.148,0.941,0.975
366,Criciúma,Brasileirao B,1.219,1.100,0.902,1.100
367,SK Sturm Graz,Austrian Bundesliga,1.219,1.132,0.929,0.953
368,Bristol City,English League Championship,1.218,1.128,0.927,1.087
369,DC United,Major League Soccer,1.217,1.222,1.004,1.068
370,Hapoel Kiryat Shmona,Israeli Premier League,1.214,1.167,0.961,1.018
371,Arouca,Portuguese Liga,1.214,1.035,0.852,1.154
372,FC Xanthi,Greek Super League,1.209,1.031,0.853,1.023
373,Konyaspor,Turkish Super Lig,1.201,1.085,0.903,1.117
374,TSV Eintracht Braunschweig,German 2. Bundesliga,1.201,1.152,0.959,0.996
375,Juventud,Primera División de Uruguay,1.199,0.943,0.786,1.105
376,SV Sandhausen,German 2. Bundesliga,1.198,1.132,0.945,1.013
377,Rosenborg,Norwegian Tippeligaen,1.197,1.232,1.029,0.872
378,La Equidad,Fútbol Profesional Colombiano,1.197,1.092,0.912,1.176
379,Clermont Foot,French Ligue 2,1.193,1.059,0.888,1.088
380,Vegalta Sendai,Japanese J League,1.193,1.120,0.939,1.139
381,Sud América,Primera División de Uruguay,1.190,1.128,0.948,1.105
382,Huachipato,Primera División de Chile,1.188,1.265,1.064,1.078
383,Royal Charleroi SC,Belgian Jupiler League,1.183,1.040,0.879,1.047
384,Atlético de Kolkata,Indian Super League,1.182,1.073,0.908,1.048
385,Cordoba,Spanish Segunda Division,1.181,1.096,0.929,1.113
386,Mallorca,Spanish Segunda Division,1.181,1.012,0.857,1.103
387,Racing Genk,Belgian Jupiler League,1.180,1.154,0.978,1.044
388,Juventud Unida (G),Nacional B de Argentina,1.179,1.148,0.973,1.137
389,Heidenheimer SB,German 2. Bundesliga,1.176,1.061,0.902,1.002
390,VfB Stuttgart,German 2. Bundesliga,1.176,1.178,1.002,1.003
391,FC Groningen,Dutch Eredivisie,1.175,1.144,0.974,1.045
392,Troyes,French Ligue 2,1.167,1.089,0.933,1.072
393,US Pescara,Italian Serie A,1.166,1.099,0.943,1.297
394,FC Union Berlin,German 2. Bundesliga,1.163,1.129,0.971,1.008
395,Sp. Estudiantes (San Luis),Nacional B de Argentina,1.158,1.000,0.863,1.139
396,Real Zaragoza,Spanish Segunda Division,1.157,1.126,0.973,1.106
397,Atlético Huila,Fútbol Profesional Colombiano,1.156,1.036,0.897,1.176
398,Montreal Impact,Major League Soccer,1.155,1.229,1.065,1.090
399,San Carlos,Primera Division B de Argentina,1.155,1.073,0.929,1.115
400,Karabükspor,Turkish Super Lig,1.154,1.109,0.961,1.102
401,Real Oviedo,Spanish Segunda Division,1.152,1.107,0.961,1.104
402,FC Arsenal Tula,Russian Premier League,1.152,0.944,0.819,1.253
403,Jaguares de Córdoba,Fútbol Profesional Colombiano,1.149,0.962,0.838,1.176
404,New York City FC,Major League Soccer,1.149,1.320,1.149,1.072
405,Almeria,Spanish Segunda Division,1.148,1.030,0.898,1.104
406,Independiente Rivadavia,Nacional B de Argentina,1.144,0.942,0.824,1.135
407,Beijing Guoan,Chinese Super League,1.141,0.958,0.840,1.004
408,Estoril,Portuguese Liga,1.141,0.972,0.852,1.159
409,UCAM Murcia,Spanish Segunda Division,1.141,1.078,0.945,1.120
410,Vancouver Whitecaps,Major League Soccer,1.140,1.181,1.037,1.083
411,Acassuso,Primera Division B de Argentina,1.138,0.958,0.842,1.116
412,KV Mechelen,Belgian Jupiler League,1.137,1.055,0.927,1.048
413,Rapid Vienna,Austrian Bundesliga,1.137,1.105,0.972,1.001
414,Jubilo Iwata,Japanese J League,1.132,1.090,0.962,1.141
415,Moreirense,Portuguese Liga,1.132,1.079,0.953,1.159
416,Talleres de Remedios de Escalada,Primera Division B de Argentina,1.132,1.184,1.046,1.120
417,Flandria,Nacional B de Argentina,1.131,0.876,0.775,1.122
418,Würzburger Kickers,German 2. Bundesliga,1.130,0.986,0.873,0.998
419,LDU Quito,Primera A de Ecuador,1.128,0.987,0.875,1.149
420,Philadelphia Union,Major League Soccer,1.127,1.185,1.051,1.077
421,Birmingham City,English League Championship,1.126,1.016,0.902,1.077
422,Dynamo Dresden,German 2. Bundesliga,1.125,1.106,0.982,1.018
423,FC Sion,Swiss Super League,1.124,1.303,1.159,0.985
424,Twente Enschede,Dutch Eredivisie,1.123,1.171,1.042,1.053
425,Tristán Suárez,Primera Division B de Argentina,1.123,1.059,0.943,1.116
426,Maccabi Haifa,Israeli Premier League,1.122,0.999,0.891,1.020
427,Niort,French Ligue 2,1.122,1.055,0.940,1.076
428,Paços de Ferreira,Portuguese Liga,1.118,1.098,0.982,1.159
429,Real Salt Lake,Major League Soccer,1.118,1.110,0.992,1.086
430,Portland Timbers,Major League Soccer,1.114,1.169,1.050,1.076
431,Peñarol,Primera División de Uruguay,1.114,1.072,0.962,1.131
432,Nottingham Forest,English League Championship,1.111,1.180,1.061,1.106
433,Orlando City SC,Major League Soccer,1.110,1.257,1.132,1.073
434,Cardiff City,English League Championship,1.104,1.088,0.986,1.088
435,NorthEast United FC,Indian Super League,1.104,1.009,0.915,1.046
436,Chiapas,Mexican Liga MX,1.099,1.095,0.996,1.284
437,Sporting Kansas City,Major League Soccer,1.098,1.047,0.954,1.077
438,Paraná Clube,Brasileirao B,1.098,1.106,1.008,1.118
439,Universidad de Chile,Primera División de Chile,1.096,1.092,0.996,1.089
440,Houston Dynamo,Major League Soccer,1.095,1.046,0.955,1.079
441,Joinville,Brasileirao B,1.094,0.951,0.869,1.104
442,Everton CD,Primera División de Chile,1.092,1.198,1.097,1.082
443,Pas Giannina,Greek Super League,1.087,0.968,0.890,1.025
444,Nacional,Primera División de Paraguay,1.083,1.258,1.161,1.110
445,Albirex Niigata,Japanese J League,1.082,1.027,0.949,1.142
446,Trabzonspor,Turkish Super Lig,1.080,1.006,0.932,1.104
447,AJ Auxerre,French Ligue 2,1.079,0.981,0.910,1.087
448,Blackburn Rovers,English League Championship,1.079,1.099,1.019,1.076
449,FC Midtjylland,Danish SAS-Ligaen,1.077,1.146,1.064,0.939
450,AC Ajaccio,French Ligue 2,1.076,1.042,0.968,1.091
451,Antofagasta,Primera División de Chile,1.074,1.101,1.026,1.077
452,Rampla Juniors,Primera División de Uruguay,1.074,0.942,0.877,1.108
453,Sparta Rotterdam,Dutch Eredivisie,1.071,1.181,1.103,1.038
454,Beitar Jerusalem,Israeli Premier League,1.071,0.987,0.922,1.041
455,Oeste,Brasileirao B,1.070,0.967,0.904,1.139
456,Scunthorpe United,English League One,1.068,1.137,1.064,0.895
457,Malmo FF,Swedish Allsvenskanliga,1.067,1.057,0.991,0.835
458,CD Nacional de Madeira,Portuguese Liga,1.067,1.011,0.947,1.161
459,SC Rheindorf Altach,Austrian Bundesliga,1.066,1.093,1.026,0.953
460,Kerala Blasters FC,Indian Super League,1.066,0.976,0.915,1.059
461,Sacachispas,Primera Division C de Argentina,1.065,1.007,0.946,0.864
462,FK Tom Tomsk,Russian Premier League,1.063,1.000,0.941,1.256
463,Carabobo,Primera División de Venezuela,1.063,1.090,1.025,0.880
464,Kayserispor,Turkish Super Lig,1.062,1.038,0.978,1.105
465,Aucas,Primera A de Ecuador,1.061,0.976,0.920,1.108
466,General Caballero,Primera División de Paraguay,1.059,1.143,1.079,1.111
467,Queens Park Rangers,English League Championship,1.059,1.010,0.954,1.093
468,Stade Laval,French Ligue 2,1.058,0.890,0.841,1.076
469,Bnei Sakhnin,Israeli Premier League,1.057,0.977,0.924,1.022
470,Columbus Crew SC,Major League Soccer,1.052,1.170,1.112,1.067
471,Santiago Wanderers,Primera División de Chile,1.050,0.998,0.951,1.079
472,Plaza Colonia,Primera División de Uruguay,1.050,1.058,1.007,1.084
473,Austria Vienna,Austrian Bundesliga,1.045,1.261,1.206,0.975
474,Nagoya Grampus,Japanese J League,1.045,1.110,1.062,1.136
475,Adanaspor,Turkish Super Lig,1.044,1.017,0.975,1.105
476,River Plate,Primera División de Uruguay,1.043,1.148,1.101,1.179
477,FC Pune City,Indian Super League,1.039,0.990,0.952,1.049
478,Caracas F.C.,Primera División de Venezuela,1.036,1.070,1.033,0.911
479,Sportivo Luqueño,Primera División de Paraguay,1.034,0.987,0.955,1.118
480,Gimnastic de Tarragona,Spanish Segunda Division,1.032,0.991,0.960,1.122
481,Aberdeen,Scottish Premiership,1.030,1.008,0.978,0.846
482,Lucerne,Swiss Super League,1.030,1.229,1.193,1.000
483,New England Revolution,Major League Soccer,1.028,1.104,1.074,1.067
484,San Jose Earthquakes,Major League Soccer,1.027,0.925,0.901,1.079
485,Alanyaspor K,Turkish Super Lig,1.027,1.245,1.212,1.106
486,Tondela,Portuguese Liga,1.026,1.019,0.993,1.162
487,Fortaleza CE,Fútbol Profesional Colombiano,1.024,1.028,1.004,1.161
488,Ipswich Town,English League Championship,1.023,0.923,0.903,1.072
489,Caykur Rizespor,Turkish Super Lig,1.021,1.070,1.048,1.111
490,Platanias,Greek Super League,1.017,0.947,0.931,1.028
491,Universidad de Concepción,Primera División de Chile,1.015,1.061,1.045,1.084
492,Sheffield United,English League One,1.014,1.172,1.156,0.890
493,Chennaiyin FC,Indian Super League,1.013,1.163,1.148,1.051
494,Melbourne City FC,Australian A-League,1.012,1.093,1.080,0.980
495,Burton Albion,English League Championship,1.007,0.990,0.983,1.114
496,Deportes Temuco,Primera División de Chile,1.007,1.020,1.013,1.089
497,Panetolikos,Greek Super League,1.006,1.020,1.014,1.028
498,Nurnberg,German 2. Bundesliga,1.006,1.225,1.217,1.010
499,Villa Española,Primera División de Uruguay,1.005,1.056,1.051,1.110
500,Brisbane Roar,Australian A-League,1.004,1.033,1.028,0.981
501,St. Truiden,Belgian Jupiler League,0.999,1.057,1.058,1.052
502,General Díaz,Primera División de Paraguay,0.997,1.085,1.088,1.114
503,Zamora,Primera División de Venezuela,0.997,0.991,0.994,0.903
504,Bragantino,Brasileirao B,0.997,0.976,0.979,1.124
505,At. Paraná,Nacional B de Argentina,0.995,0.895,0.900,1.141
506,Rubio Ñú,Primera División de Paraguay,0.989,0.904,0.913,1.114
507,Wigan Athletic,English League Championship,0.989,0.907,0.917,1.107
508,Yanbian Fude FC,Chinese Super League,0.989,1.041,1.052,1.008
509,Boyacá Chicó FC,Fútbol Profesional Colombiano,0.989,0.980,0.991,1.151
510,Feirense,Portuguese Liga,0.985,1.005,1.020,1.163
511,Red Star FC 93,French Ligue 2,0.981,0.922,0.940,1.080
512,Sporting Cristal,Primera Profesional de Perú,0.979,1.022,1.044,0.935
513,Tours,French Ligue 2,0.977,1.032,1.056,1.075
514,KSC Lokeren,Belgian Jupiler League,0.977,0.919,0.940,1.052
515,Asteras Tripoli,Greek Super League,0.969,0.977,1.009,1.030
516,Audax Italiano,Primera División de Chile,0.969,1.086,1.122,1.077
517,Shandong Luneng Taishan,Chinese Super League,0.966,1.016,1.052,0.982
518,Bolton Wanderers,English League One,0.964,0.910,0.944,0.910
519,Ventforet Kofu,Japanese J League,0.959,1.016,1.059,1.146
520,Hebei China Fortune FC,Chinese Super League,0.959,0.964,1.005,1.009
521,TSV 1860 Munich,German 2. Bundesliga,0.958,0.984,1.027,1.006
522,Benevento,Italian Serie B,0.955,0.890,0.932,0.872
523,Chicago Fire,Major League Soccer,0.953,1.061,1.114,1.071
524,Shonan Bellmare,Japanese J League,0.953,0.984,1.033,1.146
525,Mirandes,Spanish Segunda Division,0.952,1.012,1.063,1.109
526,Cobresal,Primera División de Chile,0.951,1.011,1.063,1.119
527,Zulia,Primera División de Venezuela,0.950,0.991,1.043,0.902
528,Akhisar Belediyespor,Turkish Super Lig,0.949,0.917,0.966,1.109
529,Hapoel Haifa,Israeli Premier League,0.946,1.013,1.071,1.026
530,Lausanne Sports,Swiss Super League,0.945,1.143,1.208,0.993
531,Hellas Verona,Italian Serie B,0.945,1.089,1.152,0.885
532,Millwall,English League One,0.943,1.106,1.173,0.897
533,Kerkyra,Greek Super League,0.942,0.889,0.944,1.030
534,Oxford United,English League One,0.940,1.001,1.065,0.922
535,Fortuna Düsseldorf,German 2. Bundesliga,0.938,0.970,1.035,1.005
536,Orléans,French Ligue 2,0.936,0.862,0.920,1.076
537,Guangzhou R&F,Chinese Super League,0.936,1.175,1.255,1.023
538,Chongqing Lifan,Chinese Super League,0.931,1.108,1.190,1.010
539,SC Heracles Almelo,Dutch Eredivisie,0.929,1.009,1.086,1.057
540,Hapoel Tel Aviv,Israeli Premier League,0.927,0.832,0.898,1.027
541,NEC Nijmegen,Dutch Eredivisie,0.925,1.010,1.092,1.052
542,IFK Norrkoping,Swedish Allsvenskanliga,0.923,1.110,1.204,0.854
543,Atromitos,Greek Super League,0.923,0.965,1.046,1.031
544,KV Kortrijk,Belgian Jupiler League,0.916,1.125,1.229,1.054
545,Rangers,Scottish Premiership,0.916,0.928,1.013,0.822
546,FC Goa,Indian Super League,0.916,1.044,1.141,1.058
547,Kaiserslautern,German 2. Bundesliga,0.909,0.809,0.890,1.004
548,VfL Bochum,German 2. Bundesliga,0.907,1.047,1.154,1.005
549,SK Brann,Norwegian Tippeligaen,0.906,0.920,1.016,0.864
550,Liaoning Whowin,Chinese Super League,0.902,1.029,1.141,1.011
551,Willem II Tilburg,Dutch Eredivisie,0.901,0.887,0.984,1.064
552,Melgar,Primera Profesional de Perú,0.899,0.940,1.046,0.931
553,Perth Glory,Australian A-League,0.897,1.139,1.270,0.986
554,AIK,Swedish Allsvenskanliga,0.891,0.942,1.058,0.843
555,Moadon Sport Ashdod,Israeli Premier League,0.889,0.770,0.866,1.028
556,St Gallen,Swiss Super League,0.889,0.948,1.066,0.996
557,Bradford City,English League One,0.888,0.876,0.986,0.890
558,Hangzhou Greentown,Chinese Super League,0.887,0.877,0.988,1.011
559,Luton Town,English League Two,0.886,1.012,1.142,0.838
560,Wellington Phoenix FC,Australian A-League,0.885,0.954,1.078,0.987
561,Newcastle Jets,Australian A-League,0.884,1.053,1.191,0.987
562,Bnei Yehuda,Israeli Premier League,0.882,0.868,0.985,1.029
563,Larissa FC,Greek Super League,0.882,0.907,1.029,1.032
564,Randers FC,Danish SAS-Ligaen,0.880,0.913,1.037,0.936
565,Western Sydney Wanderers,Australian A-League,0.877,0.978,1.115,0.987
566,Spal,Italian Serie B,0.875,1.021,1.166,0.880
567,Grasshoppers,Swiss Super League,0.869,1.027,1.182,1.011
568,Tianjin Teda,Chinese Super League,0.868,1.031,1.187,1.012
569,Elfsborg,Swedish Allsvenskanliga,0.867,1.055,1.217,0.841
570,Sport Huancayo,Primera Profesional de Perú,0.867,0.816,0.942,0.890
571,Gaziantepspor,Turkish Super Lig,0.866,0.973,1.123,1.112
572,Waasland-Beveren,Belgian Jupiler League,0.864,0.906,1.049,1.056
573,Doncaster Rovers,English League Two,0.864,1.061,1.229,0.844
574,AFC Wimbledon,English League One,0.862,0.974,1.129,0.886
575,Lyngby,Danish SAS-Ligaen,0.860,0.836,0.973,0.937
576,Charlton Athletic,English League One,0.856,0.841,0.982,0.893
577,Hapoel Kfar Saba,Israeli Premier League,0.855,0.825,0.965,1.030
578,Rochdale,English League One,0.851,0.998,1.172,0.880
579,Hapoel Ra'anana,Israeli Premier League,0.850,0.772,0.908,1.030
580,Excelsior,Dutch Eredivisie,0.849,1.060,1.248,1.066
581,Sonderjyske,Danish SAS-Ligaen,0.847,0.933,1.101,0.934
582,Roda JC Kerkrade,Dutch Eredivisie,0.845,0.826,0.978,1.064
583,Fleetwood Town,English League One,0.844,0.914,1.083,0.896
584,Nacional Potosí,Liga Profesional Boliviana,0.844,1.155,1.369,0.933
585,SpVgg Greuther Furth,German 2. Bundesliga,0.843,0.952,1.129,1.019
586,Perugia,Italian Serie B,0.841,0.932,1.108,0.881
587,Plymouth Argyle,English League Two,0.840,0.913,1.087,0.847
588,FC Thun,Swiss Super League,0.840,1.008,1.201,0.999
589,Iraklis,Greek Super League,0.839,0.864,1.029,1.034
590,Changchun Yatai,Chinese Super League,0.833,0.908,1.091,1.013
591,CFR Cluj-Napoca,Romanian First Division,0.827,0.932,1.127,0.822
592,AC Lugano,Swiss Super League,0.827,1.009,1.220,1.000
593,Eupen,Belgian Jupiler League,0.826,1.144,1.385,1.058
594,Sampaio Correa-MA,Brasileirao B,0.825,0.860,1.043,1.119
595,Universitario de Deportes,Primera Profesional de Perú,0.825,1.069,1.296,0.898
596,Odds BK,Norwegian Tippeligaen,0.825,0.963,1.167,0.876
597,Arminia Bielefeld,German 2. Bundesliga,0.824,0.993,1.205,1.005
598,Cesena,Italian Serie B,0.824,0.923,1.120,0.895
599,Wilstermann,Liga Profesional Boliviana,0.823,0.945,1.148,0.946
600,Go Ahead Eagles,Dutch Eredivisie,0.821,0.923,1.124,1.060
601,Virtus Entella,Italian Serie B,0.819,0.972,1.187,0.882
602,Heart of Midlothian,Scottish Premiership,0.819,1.061,1.294,0.848
603,AGF Aarhus,Danish SAS-Ligaen,0.816,0.975,1.195,0.939
604,Frosinone,Italian Serie B,0.816,0.930,1.139,0.879
605,IFK,Swedish Allsvenskanliga,0.815,1.078,1.323,0.839
606,Deportivo Táchira,Primera División de Venezuela,0.814,0.894,1.098,0.950
607,Cittadella,Italian Serie B,0.813,0.946,1.163,0.875
608,Blooming,Liga Profesional Boliviana,0.810,0.891,1.099,0.949
609,Wycombe Wanderers,English League Two,0.809,0.943,1.165,0.851
610,ADO Den Haag,Dutch Eredivisie,0.807,0.949,1.177,1.052
611,Real Potosí,Liga Profesional Boliviana,0.806,0.986,1.224,0.967
612,Peterborough United,English League One,0.804,0.947,1.177,0.917
613,Avispa Fukuoka,Japanese J League,0.802,0.929,1.158,1.147
614,Molde,Norwegian Tippeligaen,0.795,1.007,1.267,0.867
615,KVC Westerlo,Belgian Jupiler League,0.794,1.029,1.296,1.059
616,Blackpool,English League Two,0.791,0.875,1.107,0.854
617,St Johnstone,Scottish Premiership,0.789,0.849,1.075,0.800
618,Gaz Metan,Romanian First Division,0.788,0.912,1.156,0.823
619,Spezia,Italian Serie B,0.787,0.775,0.985,0.897
620,Karlsruher SC,German 2. Bundesliga,0.786,0.838,1.065,1.010
621,Mouscron-Peruwelz,Belgian Jupiler League,0.785,0.939,1.197,1.059
622,RZ Pellets WAC,Austrian Bundesliga,0.785,0.964,1.228,0.984
623,Steaua Bucuresti,Romanian First Division,0.784,0.820,1.047,0.915
624,Henan Jianye,Chinese Super League,0.782,0.851,1.089,1.015
625,FC Erzgebirge Aue,German 2. Bundesliga,0.781,0.938,1.201,1.012
626,Milton Keynes Dons,English League One,0.778,0.978,1.257,0.896
627,FC Nordsjaelland,Danish SAS-Ligaen,0.775,0.997,1.287,0.940
628,Haugesund,Norwegian Tippeligaen,0.774,0.994,1.284,0.868
629,Southend United,English League One,0.771,0.905,1.175,0.894
630,Stromsgodset,Norwegian Tippeligaen,0.767,0.959,1.251,0.872
631,Exeter City,English League Two,0.764,0.914,1.195,0.843
632,BK Hacken,Swedish Allsvenskanliga,0.763,1.020,1.336,0.842
633,Portsmouth,English League Two,0.763,0.888,1.164,0.831
634,PEC Zwolle,Dutch Eredivisie,0.760,0.944,1.241,1.058
635,Rotherham United,English League Championship,0.760,1.005,1.321,1.094
636,Alianza Lima,Primera Profesional de Perú,0.759,0.778,1.025,0.885
637,Bristol Rovers,English League One,0.755,1.029,1.363,0.911
638,Veria,Greek Super League,0.755,0.814,1.079,1.037
639,Valerenga,Norwegian Tippeligaen,0.754,0.913,1.211,0.869
640,Deportivo Municipal Lima,Primera Profesional de Perú,0.754,0.846,1.123,0.880
641,Central Córdoba de Rosario,Primera Division C de Argentina,0.753,0.788,1.047,0.898
642,Carpi,Italian Serie B,0.752,0.800,1.064,0.877
643,Central Coast Mariners,Australian A-League,0.747,0.961,1.286,0.995
644,Levadiakos,Greek Super League,0.746,0.859,1.151,1.037
645,VVV Venlo,Dutch Eeerste Divisie,0.746,0.864,1.158,0.754
646,Carlisle United,English League Two,0.744,1.049,1.411,0.834
647,St Pauli,German 2. Bundesliga,0.742,0.797,1.074,1.017
648,Juan Aurich,Primera Profesional de Perú,0.742,0.852,1.149,0.897
649,AC Horsens,Danish SAS-Ligaen,0.740,0.950,1.283,0.942
650,Silkeborg IF,Danish SAS-Ligaen,0.739,0.938,1.269,0.942
651,Bari,Italian Serie B,0.737,0.767,1.040,0.881
652,Northampton Town,English League One,0.736,0.989,1.344,0.924
653,Walsall,English League One,0.735,0.884,1.203,0.904
654,AaB,Danish SAS-Ligaen,0.735,0.856,1.164,0.942
655,Hapoel Ashkelon,Israeli Premier League,0.734,0.800,1.090,1.035
656,Deportivo Armenio,Primera Division C de Argentina,0.734,0.754,1.027,0.978
657,Salernitana,Italian Serie B,0.733,0.847,1.156,0.878
658,Universitatea Craiova,Romanian First Division,0.731,0.840,1.149,0.825
659,Kalmar FF,Swedish Allsvenskanliga,0.728,0.890,1.222,0.844
660,Gillingham,English League One,0.726,0.931,1.282,0.918
661,Viitorul Constanta,Romanian First Division,0.725,0.832,1.146,0.847
662,Ascoli,Italian Serie B,0.725,0.817,1.127,0.877
663,Guabirá,Liga Profesional Boliviana,0.722,1.018,1.410,0.935
664,Shijiazhuang Ever Bright,Chinese Super League,0.720,0.884,1.227,1.018
665,Latina,Italian Serie B,0.720,0.829,1.151,0.877
666,Portuguesa,Primera División de Venezuela,0.719,0.812,1.130,0.884
667,San Martin,Primera Profesional de Perú,0.719,0.964,1.340,0.887
668,Adelaide United,Australian A-League,0.718,0.870,1.212,0.996
669,El Porvenir,Primera Division C de Argentina,0.718,0.715,0.996,0.835
670,Dinamo Bucuresti,Romanian First Division,0.715,0.924,1.292,0.826
671,Deportivo Anzoategui,Primera División de Venezuela,0.713,0.891,1.250,0.892
672,Sarpsborg FK,Norwegian Tippeligaen,0.712,0.836,1.174,0.870
673,Trujillanos,Primera División de Venezuela,0.712,0.916,1.286,0.958
674,Novara,Italian Serie B,0.712,0.855,1.201,0.884
675,UTC,Primera Profesional de Perú,0.709,0.924,1.303,0.888
676,SV Josko Ried,Austrian Bundesliga,0.703,0.831,1.182,0.974
677,Cambridge United,English League Two,0.703,0.849,1.207,0.848
678,Oriente Petrolero,Liga Profesional Boliviana,0.702,0.866,1.234,0.961
679,Cañuelas,Primera Division C de Argentina,0.700,0.846,1.209,0.887
680,Lincoln City,English National League,0.697,0.944,1.355,0.724
681,St. Pölten,Austrian Bundesliga,0.696,0.923,1.326,0.973
682,Floriana FC,Maltese Premier League,0.693,0.814,1.174,0.791
683,FC Vaduz,Swiss Super League,0.692,0.971,1.403,1.009
684,Sogndal,Norwegian Tippeligaen,0.692,0.811,1.173,0.871
685,Viborg FF,Danish SAS-Ligaen,0.692,0.890,1.286,0.944
686,Aalesund,Norwegian Tippeligaen,0.691,0.985,1.426,0.871
687,Lillestrom,Norwegian Tippeligaen,0.690,0.971,1.407,0.871
688,FC Admira Wacker Modling,Austrian Bundesliga,0.688,0.864,1.255,0.973
689,Odense Boldklub,Danish SAS-Ligaen,0.687,0.779,1.134,0.944
690,SV Mattersburg,Austrian Bundesliga,0.687,0.859,1.250,0.973
691,Universitario de Sucre,Liga Profesional Boliviana,0.686,0.940,1.370,0.924
692,Alianza Atlético,Primera Profesional de Perú,0.685,0.927,1.353,0.889
693,Pisa,Italian Serie B,0.681,0.614,0.901,0.886
694,Bury,English League One,0.680,1.054,1.549,0.903
695,San José,Liga Profesional Boliviana,0.676,0.947,1.401,0.936
696,Partick Thistle,Scottish Premiership,0.671,0.788,1.174,0.820
697,Midland,Primera Division C de Argentina,0.670,0.703,1.049,0.889
698,César Vallejo,Primera Profesional de Perú,0.669,0.870,1.300,0.928
699,Djurgardens IF,Swedish Allsvenskanliga,0.668,0.903,1.352,0.855
700,Orebro SK,Swedish Allsvenskanliga,0.667,0.938,1.408,0.849
701,Liniers,Primera Division D de Argentina,0.666,0.806,1.210,0.807
702,Hibernians,Maltese Premier League,0.663,0.815,1.230,0.794
703,San Miguel,Primera Division C de Argentina,0.663,0.784,1.183,0.890
704,Colchester United,English League Two,0.661,0.848,1.283,0.846
705,Östersunds FK,Swedish Allsvenskanliga,0.660,0.884,1.340,0.844
706,Viking FK,Norwegian Tippeligaen,0.658,0.804,1.222,0.893
707,Port Vale,English League One,0.656,0.807,1.231,0.904
708,FK Astra Giurgiu,Romanian First Division,0.655,0.751,1.147,0.923
709,FC Botosani,Romanian First Division,0.655,0.800,1.222,0.828
710,Ituzaingó,Primera Division D de Argentina,0.655,0.770,1.175,0.776
711,Monagas SC,Primera División de Venezuela,0.654,0.857,1.311,0.890
712,Aragua,Primera División de Venezuela,0.654,0.835,1.276,0.888
713,Hammarby,Swedish Allsvenskanliga,0.651,0.907,1.394,0.847
714,Bodo/Glimt,Norwegian Tippeligaen,0.650,0.852,1.311,0.873
715,Dock Sud,Primera Division C de Argentina,0.648,0.723,1.116,0.891
716,Municipal,Liga Nacional de Guatemala,0.646,0.783,1.213,0.721
717,Dundee,Scottish Premiership,0.643,0.824,1.282,0.823
718,Tromso,Norwegian Tippeligaen,0.642,0.852,1.329,0.873
719,Shrewsbury Town,English League One,0.639,0.776,1.214,0.912
720,Brescia,Italian Serie B,0.638,0.797,1.249,0.878
721,Oldham Athletic,English League One,0.636,0.729,1.145,0.910
722,CSMS Iasi,Romanian First Division,0.635,0.752,1.185,0.829
723,Stabaek,Norwegian Tippeligaen,0.635,0.793,1.249,0.848
724,Esbjerg FB,Danish SAS-Ligaen,0.634,0.894,1.411,0.947
725,Ayacucho FC,Primera Profesional de Perú,0.633,0.775,1.224,0.893
726,Cambuur Leeuwarden,Dutch Eeerste Divisie,0.632,0.868,1.372,0.784
727,Mansfield Town,English League Two,0.630,0.755,1.197,0.845
728,Hamilton Academical,Scottish Premiership,0.629,0.811,1.290,0.824
729,Helmond Sport,Dutch Eeerste Divisie,0.628,0.842,1.341,0.754
730,Stevenage,English League Two,0.627,0.910,1.452,0.846
731,Pro Vercelli,Italian Serie B,0.627,0.782,1.246,0.889
732,Vicenza,Italian Serie B,0.623,0.704,1.131,0.885
733,Voluntari,Romanian First Division,0.623,0.824,1.323,0.830
734,Dundalk,League of Ireland Premier Division,0.622,0.845,1.360,0.670
735,Yeovil Town,English League Two,0.622,0.788,1.265,0.840
736,Grimsby Town,English League Two,0.618,0.766,1.238,0.848
737,FC Volendam,Dutch Eeerste Divisie,0.618,0.855,1.384,0.773
738,Comunicaciones,Liga Nacional de Guatemala,0.618,0.729,1.180,0.719
739,Almere City,Dutch Eeerste Divisie,0.616,0.999,1.620,0.756
740,Jonkopings Sodra,Swedish Allsvenskanliga,0.616,0.730,1.185,0.849
741,Inverness Caledonian Thistle,Scottish Premiership,0.613,0.870,1.420,0.822
742,Llaneros,Primera División de Venezuela,0.610,0.731,1.198,0.921
743,MVV Maastricht,Dutch Eeerste Divisie,0.610,0.835,1.368,0.761
744,US Avellino,Italian Serie B,0.609,0.734,1.205,0.880
745,Accrington Stanley,English League Two,0.608,0.727,1.197,0.850
746,Ternana,Italian Serie B,0.608,0.756,1.244,0.881
747,Swindon Town,English League One,0.605,0.767,1.266,0.907
748,Coventry City,English League One,0.600,0.797,1.328,0.902
749,Argentino Rosario,Primera Division D de Argentina,0.594,0.726,1.221,0.780
750,Valletta,Maltese Premier League,0.593,0.705,1.189,0.810
751,Deportivo Petare,Primera División de Venezuela,0.592,0.676,1.142,0.891
752,Barnet,English League Two,0.592,0.810,1.368,0.837
753,Ross County,Scottish Premiership,0.591,0.857,1.450,0.846
754,Forest Green Rovers,English National League,0.588,0.905,1.539,0.697
755,Hibernian,Scottish Championship,0.584,0.722,1.235,0.674
756,Birkirkara,Maltese Premier League,0.574,0.711,1.239,0.876
757,Chesterfield,English League One,0.573,0.811,1.417,0.902
758,Motherwell,Scottish Premiership,0.572,0.821,1.434,0.838
759,Jong PSV,Dutch Eeerste Divisie,0.568,0.758,1.335,0.756
760,Trapani,Italian Serie B,0.563,0.713,1.267,0.889
761,Cheltenham Town,English League Two,0.561,0.759,1.353,0.847
762,Victoriano Arenas,Primera Division D de Argentina,0.561,0.754,1.344,0.778
763,Crawley Town,English League Two,0.558,0.795,1.425,0.846
764,GIF Sundsvall,Swedish Allsvenskanliga,0.557,0.816,1.464,0.851
765,Tranmere Rovers,English National League,0.556,0.700,1.257,0.704
766,Pandurii Targu-Jiu,Romanian First Division,0.556,0.765,1.376,0.852
767,Yupanqui,Primera Division D de Argentina,0.555,0.693,1.249,0.782
768,Cork,League of Ireland Premier Division,0.553,0.731,1.323,0.647
769,Morecambe,English League Two,0.551,0.853,1.548,0.854
770,Dagenham & Redbridge,English National League,0.545,0.785,1.441,0.686
771,Antigua,Liga Nacional de Guatemala,0.542,0.757,1.397,0.763
772,Barrow,English National League,0.540,0.757,1.402,0.694
773,Helsingborg,Swedish Allsvenskanliga,0.530,0.773,1.458,0.854
774,ACS Poli Timisoara,Romanian First Division,0.527,0.746,1.416,0.834
775,Puerto Nuevo,Primera Division D de Argentina,0.526,0.661,1.257,0.784
776,FC Emmen VV,Dutch Eeerste Divisie,0.525,0.681,1.297,0.767
777,Gateshead,English National League,0.525,0.754,1.435,0.687
778,Crewe Alexandra,English League Two,0.524,0.724,1.380,0.837
779,Newport County,English League Two,0.523,0.766,1.464,0.839
780,NAC Breda,Dutch Eeerste Divisie,0.520,0.810,1.556,0.761
781,Alianza FC,Primera División de El Salvador,0.520,0.664,1.279,0.724
782,Deportivo Paraguayo,Primera Division D de Argentina,0.514,0.599,1.164,0.785
783,FC Eindhoven,Dutch Eeerste Divisie,0.514,0.856,1.667,0.767
784,Dover,English National League,0.513,0.907,1.769,0.693
785,Centro Español,Primera Division D de Argentina,0.512,0.724,1.414,0.781
786,Hartlepool United,English League Two,0.511,0.780,1.526,0.835
787,Hamrun Spartans,Maltese Premier League,0.509,0.785,1.542,0.819
788,Aguila,Primera División de El Salvador,0.508,0.665,1.309,0.701
789,Coban Imperial,Liga Nacional de Guatemala,0.508,0.658,1.296,0.738
790,Estudiantes de Mérida,Primera División de Venezuela,0.506,0.708,1.400,0.896
791,Leyton Orient,English League Two,0.506,0.729,1.440,0.843
792,Macclesfield Town,English National League,0.505,0.690,1.367,0.705
793,Kilmarnock,Scottish Premiership,0.505,0.692,1.371,0.833
794,Claypole,Primera Division D de Argentina,0.503,0.632,1.256,0.782
795,Malacateco,Liga Nacional de Guatemala,0.503,0.712,1.416,0.731
796,ASA Targu Mures,Romanian First Division,0.497,0.700,1.409,0.836
797,FC Den Bosch,Dutch Eeerste Divisie,0.490,0.814,1.662,0.759
798,Concordia Chiajna,Romanian First Division,0.489,0.606,1.239,0.837
799,Gefle IF,Swedish Allsvenskanliga,0.483,0.764,1.582,0.857
800,Notts County,English League Two,0.483,0.744,1.542,0.838
801,RKC Waalwijk,Dutch Eeerste Divisie,0.481,0.794,1.649,0.768
802,FC Oss,Dutch Eeerste Divisie,0.478,0.985,2.061,0.773
803,Dundee United,Scottish Championship,0.475,0.727,1.530,0.632
804,Aldershot Town,English National League,0.474,0.652,1.375,0.692
805,De Graafschap,Dutch Eeerste Divisie,0.474,0.829,1.747,0.770
806,Marquense,Liga Nacional de Guatemala,0.473,0.720,1.521,0.729
807,Central Ballester,Primera Division D de Argentina,0.472,0.612,1.295,0.785
808,Chester FC,English National League,0.468,0.724,1.546,0.693
809,Xelaju,Liga Nacional de Guatemala,0.461,0.657,1.427,0.730
810,Eastleigh,English National League,0.459,0.727,1.581,0.699
811,Petapa,Liga Nacional de Guatemala,0.456,0.685,1.504,0.746
812,IK Start,Norwegian Tippeligaen,0.450,0.700,1.554,0.882
813,Metapan,Primera División de El Salvador,0.443,0.623,1.408,0.709
814,Greenock Morton,Scottish Championship,0.437,0.642,1.470,0.651
815,Sutton United,English National League,0.428,0.632,1.478,0.720
816,Derry City,League of Ireland Premier Division,0.423,0.629,1.487,0.608
817,Municipal Limeño,Primera División de El Salvador,0.421,0.628,1.493,0.709
818,Boreham Wood,English National League,0.421,0.594,1.409,0.704
819,SC Stormvogels Telstar,Dutch Eeerste Divisie,0.419,0.659,1.574,0.767
820,Falkirk,Scottish Championship,0.403,0.674,1.671,0.630
821,T.N.S.,Welsh Premier League,0.403,0.791,1.963,0.476
822,Dordrecht '90,Dutch Eeerste Divisie,0.399,0.727,1.824,0.770
823,CD FAS,Primera División de El Salvador,0.397,0.615,1.547,0.720
824,Bromley,English National League,0.396,0.669,1.692,0.709
825,Torquay United,English National League,0.392,0.641,1.637,0.701
826,Fortuna Sittard,Dutch Eeerste Divisie,0.391,0.692,1.769,0.764
827,Solihull Moors,English National League,0.383,0.702,1.831,0.706
828,Shamrock Rovers,League of Ireland Premier Division,0.382,0.612,1.601,0.611
829,Queen of the South,Scottish Championship,0.376,0.666,1.773,0.639
830,Suchitepequez,Liga Nacional de Guatemala,0.373,0.710,1.904,0.763
831,Wrexham,English National League,0.370,0.570,1.541,0.691
832,Dunfermline Athletic,Scottish Championship,0.368,0.671,1.825,0.644
833,Guiseley,English National League,0.356,0.617,1.731,0.706
834,Sligo,League of Ireland Premier Division,0.355,0.575,1.622,0.612
835,Woking,English National League,0.346,0.690,1.996,0.703
836,Mictlan,Liga Nacional de Guatemala,0.342,0.565,1.652,0.748
837,St Patricks,League of Ireland Premier Division,0.341,0.604,1.774,0.610
838,Braintree Town,English National League,0.339,0.637,1.879,0.697
839,Raith Rovers,Scottish Championship,0.338,0.571,1.688,0.651
840,Luis Angel Firpo,Primera División de El Salvador,0.337,0.637,1.888,0.710
841,Falkenbergs FF,Swedish Allsvenskanliga,0.327,0.675,2.067,0.866
842,Bray,League of Ireland Premier Division,0.319,0.557,1.745,0.615
843,Maidstone United,English National League,0.310,0.602,1.942,0.702
844,St Mirren,Scottish Championship,0.306,0.606,1.979,0.650
845,York City,English National League,0.302,0.557,1.845,0.705
846,Southport,English National League,0.301,0.647,2.149,0.702
847,Ayr United,Scottish Championship,0.300,0.531,1.773,0.635
848,Galway Utd,League of Ireland Premier Division,0.290,0.604,2.085,0.617
849,Dumbarton,Scottish Championship,0.288,0.586,2.034,0.649
850,Bohemians,League of Ireland Premier Division,0.280,0.482,1.724,0.633
851,Livingston,Scottish League One,0.280,0.630,2.253,0.494
852,North Ferriby United,English National League,0.273,0.470,1.726,0.695
853,Alloa Athletic,Scottish League One,0.268,0.577,2.154,0.509
854,Connah's Quay,Welsh Premier League,0.244,0.466,1.905,0.508
855,Finn Harps,League of Ireland Premier Division,0.225,0.435,1.937,0.624
856,SuperSport United,South African Premiership,0.217,0.435,2.008,0.458
857,Linfield,Northern Irish Premiership,0.215,0.481,2.239,0.407
858,East Fife,Scottish League One,0.211,0.442,2.091,0.493
859,Wexford Youths,League of Ireland Premier Division,0.200,0.502,2.508,0.626
860,Mamelodi Sundowns,South African Premiership,0.199,0.433,2.180,0.479
861,Kaizer Chiefs,South African Premiership,0.196,0.407,2.081,0.460
862,Carmarthen,Welsh Premier League,0.193,0.480,2.485,0.485
863,Albion Rovers,Scottish League One,0.193,0.454,2.352,0.514
864,Bangor City,Welsh Premier League,0.193,0.509,2.630,0.485
865,Crusaders,Northern Irish Premiership,0.187,0.479,2.555,0.423
866,Peterhead,Scottish League One,0.187,0.475,2.548,0.513
867,Bidvest Wits,South African Premiership,0.187,0.421,2.250,0.461
868,Airdrieonians,Scottish League One,0.185,0.531,2.876,0.501
869,Longford Town,League of Ireland Premier Division,0.183,0.460,2.518,0.629
870,Newtown,Welsh Premier League,0.181,0.482,2.668,0.487
871,Queen's Park,Scottish League One,0.180,0.414,2.305,0.508
872,Cape Town City FC,South African Premiership,0.170,0.402,2.368,0.463
873,Platinum Stars,South African Premiership,0.168,0.391,2.336,0.463
874,Brechin City,Scottish League One,0.168,0.421,2.504,0.511
875,Stranraer,Scottish League One,0.166,0.425,2.557,0.521
876,Newi Cefn Druids,Welsh Premier League,0.165,0.429,2.607,0.489
877,Ajax Cape Town,South African Premiership,0.163,0.399,2.443,0.463
878,Polokwane City FC,South African Premiership,0.163,0.398,2.441,0.463
879,Buriram United,Thai Premier League,0.161,0.410,2.546,0.493
880,Maritzburg Utd,South African Premiership,0.161,0.374,2.316,0.463
881,Aberystwyth,Welsh Premier League,0.158,0.455,2.871,0.490
882,Bangkok United,Thai Premier League,0.158,0.446,2.829,0.405
883,Elgin City,Scottish League Two,0.157,0.513,3.260,0.420
884,Orlando Pirates,South African Premiership,0.155,0.391,2.523,0.464
885,Bangkok Glass,Thai Premier League,0.155,0.440,2.830,0.405
886,Golden Arrows,South African Premiership,0.152,0.384,2.532,0.464
887,Forfar Athletic,Scottish League Two,0.151,0.471,3.122,0.417
888,Bloem Celtic,South African Premiership,0.148,0.328,2.222,0.465
889,Cliftonville,Northern Irish Premiership,0.147,0.399,2.704,0.391
890,Stenhousemuir,Scottish League One,0.146,0.458,3.145,0.517
891,Free State Stars,South African Premiership,0.142,0.345,2.427,0.466
892,Airbus UK,Welsh Premier League,0.139,0.443,3.190,0.494
893,Chonburi,Thai Premier League,0.134,0.399,2.977,0.435
894,Coleraine,Northern Irish Premiership,0.131,0.361,2.746,0.393
895,Rhyl,Welsh Premier League,0.130,0.454,3.508,0.495
896,Clyde,Scottish League Two,0.128,0.411,3.220,0.412
897,Arbroath,Scottish League Two,0.126,0.398,3.157,0.421
898,Glenavon,Northern Irish Premiership,0.125,0.397,3.184,0.394
899,Annan Athletic,Scottish League Two,0.123,0.412,3.342,0.417
900,Dungannon Swifts,Northern Irish Premiership,0.123,0.406,3.294,0.394
901,Suphanburi,Thai Premier League,0.121,0.347,2.859,0.411
902,Army United,Thai Premier League,0.119,0.362,3.036,0.411
903,Ballymena,Northern Irish Premiership,0.119,0.478,4.004,0.394
904,BEC-Tero Sasana,Thai Premier League,0.114,0.406,3.564,0.412
905,Stirling Albion,Scottish League Two,0.114,0.399,3.504,0.415
906,Cowdenbeath,Scottish League Two,0.108,0.361,3.344,0.428
907,Glentoran,Northern Irish Premiership,0.106,0.335,3.171,0.406
908,Edinburgh City,Scottish League Two,0.105,0.297,2.829,0.424
909,Osotspa M150,Thai Premier League,0.105,0.358,3.417,0.414
910,Montrose,Scottish League Two,0.101,0.321,3.174,0.418
911,Navy Football Club,Thai Premier League,0.101,0.317,3.147,0.415
912,Berwick Rangers,Scottish League Two,0.099,0.334,3.368,0.422
913,Ards,Northern Irish Premiership,0.095,0.360,3.782,0.398
914,Ballinamallard Utd,Northern Irish Premiership,0.089,0.332,3.732,0.399
915,Portadown,Northern Irish Premiership,0.077,0.284,3.676,0.401
916,Carrick,Northern Irish Premiership,0.071,0.273,3.871,0.403
